CashReserveRatio,CashDepositRatio,ReverseRepoRate,MarginalFacilityRate,BankRate,TermDepositRate,SavingsDepositRate,CallMoneyRate,TreasuryBill,Inflation,RepoRate,BaseRate
4,0,4.9,5.4,5.4,6.1,3.25,4.92,5.21,6.62,5.15,8.45
4,4.71,4.9,5.4,5.4,6.1,3.25,5.05,5.22,6.62,5.15,8.45
4,0,4.9,5.4,5.4,6.1,3.25,5.11,5.22,3.73,5.15,8.45
4,4.95,4.9,5.4,5.4,6.1,3.25,5.06,5.19,3.73,5.15,8.45
4,0,4.9,5.4,5.4,6.2,3.25,4.98,5.19,3.73,5.15,8.45
4,4.73,4.9,5.4,5.4,6.2,3.25,5.02,5.07,3.73,5.15,8.45
4,0,4.9,5.4,5.4,6.2,3.25,5.03,5.12,3.73,5.15,8.45
4,4.65,4.9,5.4,5.4,6.2,3.25,5.05,5.13,3.73,5.15,8.45
4,0,4.9,5.4,5.4,6.25,3.25,5.07,5.16,3.73,5.15,8.45
4,4.7,4.9,5.4,5.4,6.25,3.25,5.03,5.14,3.73,5.15,8.45
4,0,4.9,5.4,5.4,6.25,3.25,5.08,5.21,3.73,5.15,8.45
4,4.88,4.9,5.4,5.4,6.25,3.25,5.07,5.21,3.73,5.15,8.45
4,0,4.9,5.4,5.4,6.25,3.25,5.05,5.25,3.73,5.15,8.45
4,4.74,4.9,5.4,5.4,6.25,3.25,5.06,5.33,3.73,5.15,8.45
4,0,4.9,5.4,5.4,6.25,3.25,5.26,5.44,3.73,5.15,8.45
4,4.8,5.15,5.65,5.65,6.25,3.25,5.31,5.5,3.73,5.4,8.45
4,0,5.15,5.65,5.65,6.25,3.25,5.36,5.46,3.73,5.4,8.45
4,4.75,5.15,5.65,5.65,6.25,3.25,5.31,5.54,3.73,5.4,8.45
4,0,5.15,5.65,5.65,6.25,3.25,5.34,5.61,3.73,5.4,8.45
4,4.87,5.15,5.65,5.65,6.35,3.25,5.36,5.63,3.73,5.4,8.45
4,0,5.15,5.65,5.65,6.35,3.25,5.32,5.63,3.73,5.4,8.45
4,4.84,5.15,5.65,5.65,6.35,3.25,5.32,5.65,3.73,5.4,8.45
4,0,5.15,5.65,5.65,6.35,3.25,5.45,5.69,3.73,5.4,8.45
4,4.67,5.5,6,6,6.25,3.25,5.58,5.88,3.73,5.75,8.45
4,0,5.5,6,6,6.25,3.25,5.59,5.95,3.73,5.75,8.45
4,4.84,5.5,6,6,6.25,3.5,5.61,5.93,3.73,5.75,8.45
4,0,5.5,6,6,6.25,3.5,5.62,6.03,3.73,5.75,8.45
4,4.64,5.5,6,6,6.25,3.5,5.67,6.12,3.73,5.75,8.45
4,0,5.5,6,6,6.25,3.5,5.78,6.16,3.73,5.75,8.45
4,4.66,5.5,6,6,6.25,3.5,5.78,6.1,3.73,5.75,8.45
4,0,5.5,6,6,6.25,3.5,5.72,6.12,3.73,5.75,8.45
4,4.68,5.5,6,6,6.25,3.5,5.81,6.18,3.73,5.75,8.45
4,0,5.75,6.25,6.25,6.25,3.5,5.9,6.27,3.73,6,8.45
4,4.61,5.75,6.25,6.25,6.25,3.5,5.93,6.39,3.73,6,8.45
4,0,5.75,6.25,6.25,6.25,3.5,5.95,6.46,3.73,6,8.45
4,4.65,5.75,6.25,6.25,6.25,3.5,5.95,6.5,3.73,6,8.45
4,0,5.75,6.25,6.25,6.25,3.5,6.08,6.5,3.73,6,8.45
4,4.82,5.75,6.25,6.25,6.25,3.5,6.16,6.48,3.73,6,8.45
4,0,5.75,6.25,6.25,6.25,3.5,6.05,6.42,3.73,6,8.45
4,4.66,5.75,6.25,6.25,6.25,3.5,6,6.31,3.73,6,8.45
4,0,5.75,6.25,6.25,6.25,3.5,6.18,6.29,3.73,6,8.45
4,5.09,6,6.5,6.5,6.25,3.5,6.35,6.35,3.73,6.25,8.45
4,0,6,6.5,6.5,6.25,3.5,6.2,6.37,3.73,6.25,8.45
4,5.14,6,6.5,6.5,6.25,3.5,6.18,6.44,3.73,6.25,8.45
4,0,6,6.5,6.5,6.25,3.5,6.15,6.46,3.73,6.25,8.95
4,4.62,6,6.5,6.5,6.25,3.5,6.22,6.48,3.73,6.25,8.95
4,0,6,6.5,6.5,6.25,3.5,6.29,6.46,3.73,6.25,8.95
4,4.61,6,6.5,6.5,6.25,3.5,6.26,6.42,3.73,6.25,8.95
4,0,6,6.5,6.5,6.25,3.5,6.39,6.67,3.73,6.25,8.95
4,4.67,6.25,6.75,6.75,6.25,3.5,6.4,6.69,3.73,6.5,8.95
4,0,6.25,6.75,6.75,6.25,3.5,6.43,6.74,3.73,6.5,8.95
4,4.76,6.25,6.75,6.75,6.25,3.5,6.41,6.74,3.73,6.5,8.95
4,0,6.25,6.75,6.75,6.25,3.5,6.35,6.78,3.73,6.5,8.95
4,4.57,6.25,6.75,6.75,6.25,3.5,6.35,6.8,3.73,6.5,8.95
4,0,6.25,6.75,6.75,6.25,3.5,6.57,6.84,3.94,6.5,8.95
4,4.67,6.25,6.75,6.75,6.25,3.5,6.49,6.87,3.94,6.5,8.95
4,0,6.25,6.75,6.75,6.25,3.5,6.44,6.95,3.94,6.5,8.95
4,4.6,6.25,6.75,6.75,6.25,3.5,6.36,7.02,3.94,6.5,8.95
4,0,6.25,6.75,6.75,6.25,3.5,6.39,7.06,3.94,6.5,8.95
4,4.68,6.25,6.75,6.75,6.25,3.5,6.42,7.1,3.94,6.5,8.95
4,0,6.25,6.75,6.75,6.25,3.5,6.38,7.17,3.94,6.5,8.95
4,4.68,6.25,6.75,6.75,6.25,3.5,6.43,7.23,3.94,6.5,8.95
4,0,6.25,6.75,6.75,6.25,3.5,6.43,7.23,3.94,6.5,8.95
4,4.68,6.25,6.75,6.75,6.25,3.5,6.5,7.21,3.94,6.5,8.95
4,0,6.25,6.75,6.75,6.25,3.5,6.53,7.23,3.94,6.5,8.95
4,4.62,6.25,6.75,6.75,6.25,3.5,6.41,7.3,3.94,6.5,8.95
4,0,6.25,6.75,6.75,6.25,3.5,6.34,7.45,3.94,6.5,8.95
4,4.9,6.25,6.75,6.75,6.25,3.5,6.49,7.42,3.94,6.5,8.95
4,0,6.25,6.75,6.75,6.25,3.5,6.57,7.34,3.94,6.5,8.95
4,4.77,6.25,6.75,6.75,6.25,3.5,6.46,7.27,3.94,6.5,8.95
4,0,6.25,6.75,6.75,6.25,3.5,6.32,7.12,3.94,6.5,8.95
4,4.69,6.25,6.75,6.75,6.25,3.5,6.36,7.02,3.94,6.5,8.95
4,0,6.25,6.75,6.75,6.25,3.5,6.39,7.02,3.94,6.5,8.95
4,4.6,6.25,6.75,6.75,6.25,3.5,6.39,6.99,3.94,6.5,8.95
4,0,6.25,6.75,6.75,6.25,3.5,6.35,6.97,3.94,6.5,8.95
4,4.69,6.25,6.75,6.75,6.25,3.5,6.24,6.95,3.94,6.5,8.95
4,0,6,6.5,6.5,6.25,3.5,6.21,6.97,3.94,6.25,8.95
4,4.82,6,6.5,6.5,6.25,3.5,6.16,6.93,3.94,6.25,8.95
4,0,6,6.5,6.5,6.25,3.5,6.16,6.93,3.94,6.25,8.95
4,4.76,6,6.5,6.5,6.25,3.5,6.12,6.91,3.94,6.25,8.95
4,0,6,6.5,6.5,6.25,3.5,6.17,6.89,3.94,6.25,8.95
4,4.9,6,6.5,6.5,6.25,3.5,6.22,6.89,3.94,6.25,8.95
4,0,6,6.5,6.5,6.25,3.5,6.09,6.89,3.94,6.25,8.95
4,4.55,6,6.5,6.5,6.25,3.5,5.95,6.82,3.94,6.25,8.95
4,0,5.75,6.25,6.25,6.25,3.5,5.91,6.8,3.94,6,8.95
4,4.74,5.75,6.25,6.25,6.25,3.5,5.94,6.8,3.94,6,8.95
4,0,5.75,6.25,6.25,6.25,3.5,5.91,6.63,3.94,6,8.95
4,4.58,5.75,6.25,6.25,6.25,3.5,5.9,6.48,3.94,6,8.95
4,0,5.75,6.25,6.25,6.25,3.5,5.9,6.42,3.94,6,8.95
4,4.89,5.75,6.25,6.25,6.25,3.5,5.92,6.42,3.94,6,8.95
4,0,5.75,6.25,6.25,6.25,3.5,5.91,6.31,3.94,6,8.95
4,4.47,5.75,6.25,6.25,6.25,3.5,5.87,6.31,3.94,6,8.95
4,0,5.75,6.25,6.25,6.25,3.5,5.91,6.31,3.94,6,8.95
4,5.11,5.75,6.25,6.25,6.25,3.5,6.15,6.33,3.94,6,8.95
4,0,5.75,6.25,6.25,6.25,3.5,5.92,6.33,3.94,6,8.95
4,4.63,5.75,6.25,6.25,6.25,3.5,5.9,6.44,3.94,6,8.95
4,0,5.75,6.25,6.25,6.25,3.5,5.88,6.5,3.94,6,8.95
4,4.69,5.75,6.25,6.25,6.25,3.5,5.93,6.5,3.94,6,8.95
4,0,5.75,6.25,6.25,6,3.5,5.94,6.48,3.94,6,8.95
4,4.63,5.75,6.25,6.25,6,3.5,5.96,6.48,3.94,6,8.95
4,0,5.75,6.25,6.25,6,3.5,5.88,6.5,3.94,6,8.95
4,4.54,5.75,6.25,6.25,6,3.5,5.9,6.5,3.94,6,8.95
4,0,5.75,6.25,6.25,6,3.5,5.9,6.46,3.94,6,8.95
4,4.7,5.75,6.25,6.25,6,3.5,5.9,6.44,3.94,6,8.95
4,0,5.75,6.25,6.25,6,3.5,5.88,6.39,3.94,6,8.95
4,4.65,5.75,6.25,6.25,6,3.5,5.87,6.35,3.94,6,8.95
4,0,5.75,6.25,6.25,6,3.5,5.99,6.33,3.33,6,8.95
4,4.77,5.75,6.25,6.25,6,3.5,5.98,6.33,3.33,6,8.95
4,0,5.75,6.25,6.25,6,3.5,5.86,6.31,3.33,6,8.95
4,4.61,5.75,6.25,6.25,6,3.5,5.83,6.27,3.33,6,8.95
4,0,5.75,6.25,6.25,6,3.5,5.87,6.25,3.33,6,8.95
4,4.66,5.75,6.25,6.25,6,3.5,5.89,6.2,3.33,6,8.95
4,0,5.75,6.25,6.25,6,3.5,5.86,6.18,3.33,6,8.95
4,4.67,5.75,6.25,6.25,6,3.5,5.88,6.18,3.33,6,8.95
4,0,5.75,6.25,6.25,6,3.5,5.86,6.18,3.33,6,8.95
4,4.75,5.75,6.25,6.25,6.25,3.5,5.85,6.18,3.33,6,8.95
4,0,5.75,6.25,6.25,6.25,3.5,5.98,6.18,3.33,6,8.95
4,4.69,5.75,6.25,6.25,6.25,3.5,5.86,6.18,3.33,6,8.95
4,0,5.75,6.25,6.25,6.25,3.5,5.84,6.18,3.33,6,8.95
4,4.89,5.75,6.25,6.25,6.25,3.5,5.88,0,3.33,6,9
4,0,5.75,6.25,6.25,6.25,3.5,5.91,6.22,3.33,6,9
4,4.97,5.75,6.25,6.25,6.25,3.5,5.89,0,3.33,6,9
4,0,5.75,6.25,6.25,6.25,3.5,5.84,6.2,3.33,6,9
4,4.7,5.75,6.25,6.25,6.25,3.5,5.84,0,3.33,6,9
4,0,5.75,6.25,6.25,6.25,3.5,5.93,6.22,3.33,6,9
4,4.8,5.75,6.25,6.25,6.25,3.5,5.85,0,3.33,6,9
4,0,5.75,6.25,6.25,6.25,3.5,5.88,6.22,3.33,6,9
4,4.7,5.75,6.25,6.25,6.25,3.5,5.97,0,3.33,6,9
4,0,6,6.5,6.5,6.25,4,6.08,6.25,3.33,6.25,9
4,4.73,6,6.5,6.5,6.25,4,6.07,0,3.33,6.25,9
4,0,6,6.5,6.5,6.25,4,6.06,6.33,3.33,6.25,9
4,4.65,6,6.5,6.5,6.25,4,6.05,0,3.33,6.25,9
4,0,6,6.5,6.5,6.25,4,6.07,6.33,3.33,6.25,9.1
4,4.72,6,6.5,6.5,6.25,4,6.08,0,3.33,6.25,9.1
4,0,6,6.5,6.5,6.25,4,6.07,6.33,3.33,6.25,9.1
4,4.77,6,6.5,6.5,6.25,4,6.11,0,3.33,6.25,9.1
4,0,6,6.5,6.5,6.25,4,6.05,6.39,3.33,6.25,9.1
4,4.72,6,6.5,6.5,6.25,4,6.04,0,3.33,6.25,9.1
4,0,6,6.5,6.5,6.25,4,6.05,6.44,3.33,6.25,9.1
4,4.63,6,6.5,6.5,6.25,4,6.07,0,3.33,6.25,9.1
4,0,6,6.5,6.5,6.5,4,5.99,6.39,3.33,6.25,9.1
4,4.88,6,6.5,6.5,6.5,4,6,0,3.33,6.25,9.1
4,0,6,6.5,6.5,6.5,4,5.94,6.31,3.33,6.25,9.1
4,4.54,6,6.5,6.5,6.5,4,5.94,0,3.33,6.25,9.1
4,0,6,6.5,6.5,6.5,4,5.84,6.18,3.33,6.25,9.1
4,5.28,5.75,6.75,6.75,6.5,4,5.97,0,3.33,6.25,9.25
4,0,5.75,6.75,6.75,6.5,4,5.95,6.05,3.33,6.25,9.25
4,4.58,5.75,6.75,6.75,6.5,4,5.99,0,3.33,6.25,9.25
4,0,5.75,6.75,6.75,6.5,4,5.97,6.14,3.33,6.25,9.25
4,4.64,5.75,6.75,6.75,6.5,4,5.96,0,3.33,6.25,9.25
4,0,5.75,6.75,6.75,6.5,4,5.95,6.27,3.33,6.25,9.25
4,4.63,5.75,6.75,6.75,6.5,4,6.03,0,3.33,6.25,9.25
4,0,5.75,6.75,6.75,6.5,4,6.05,6.22,3.33,6.25,9.25
4,4.7,5.75,6.75,6.75,6.5,4,6,0,3.33,6.25,9.25
4,0,5.75,6.75,6.75,6.5,4,5.98,6.22,3.33,6.25,9.25
4,4.72,5.75,6.75,6.75,6.5,4,5.98,0,3.33,6.25,9.25
4,0,5.75,6.75,6.75,6.5,4,6.09,6.29,3.33,6.25,9.25
4,4.77,5.75,6.75,6.75,6.5,4,6.07,0,3.33,6.25,9.25
4,0,5.75,6.75,6.75,6.5,4,6.12,6.35,4.95,6.25,9.3
4,5.44,5.75,6.75,6.75,6.5,4,6.1,0,4.95,6.25,9.3
4,0,5.75,6.75,6.75,6.5,4,6.09,6.29,4.95,6.25,9.3
4,9.03,5.75,6.75,6.75,6.5,4,6.15,0,4.95,6.25,9.3
4,0,5.75,6.75,6.75,6.5,4,6.28,6.07,4.95,6.25,9.3
4,6.34,5.75,6.75,6.75,6.5,4,5.94,0,4.95,6.25,9.3
4,0,5.75,6.75,6.75,6.5,4,6,5.97,4.95,6.25,9.3
4,6.53,5.75,6.75,6.75,6.5,4,6.21,0,4.95,6.25,9.3
4,0,5.75,6.75,6.75,6.5,4,6.14,6.46,4.95,6.25,9.3
4,4.85,5.75,6.75,6.75,6.5,4,6.18,0,4.95,6.25,9.3
4,0,5.75,6.75,6.75,7,4,6.23,6.46,4.95,6.25,9.3
4,4.71,5.75,6.75,6.75,7,4,6.21,0,4.95,6.25,9.3
4,0,5.75,6.75,6.75,7,4,6.23,6.44,4.95,6.25,9.3
4,4.65,6,7,7,7,4,6.43,0,4.95,6.5,9.3
4,0,6,7,7,7,4,6.43,6.63,4.95,6.5,9.3
4,4.65,6,7,7,7,4,6.44,0,4.95,6.5,9.3
4,0,6,7,7,7,4,6.38,6.65,4.95,6.5,9.3
4,4.82,6,7,7,7,4,6.38,0,4.95,6.5,9.3
4,0,6,7,7,7,4,6.4,6.67,4.95,6.5,9.3
4,4.64,6,7,7,7,4,6.39,0,4.95,6.5,9.3
4,0,6,7,7,7,4,6.45,6.65,4.95,6.5,9.3
4,4.72,6,7,7,7,4,6.37,0,4.95,6.5,9.3
4,0,6,7,7,7,4,6.39,6.69,4.95,6.5,9.3
4,4.68,6,7,7,7,4,6.38,0,4.95,6.5,9.3
4,0,6,7,7,7,4,6.36,6.72,4.95,6.5,9.3
4,4.7,6,7,7,7,4,6.31,0,4.95,6.5,9.3
4,0,6,7,7,7,4,6.3,6.82,4.95,6.5,9.3
4,4.82,6,7,7,7,4,6.33,0,4.95,6.5,9.3
4,0,6,7,7,7,4,6.37,6.91,4.95,6.5,9.3
4,4.69,6,7,7,7,4,6.34,0,4.95,6.5,9.3
4,0,6,7,7,7,4,6.34,6.95,4.95,6.5,9.3
4,4.68,6,7,7,7,4,6.42,0,4.95,6.5,9.3
4,0,6,7,7,7,4,6.44,6.95,4.95,6.5,9.3
4,4.78,6,7,7,7,4,6.51,0,4.95,6.5,9.3
4,0,6,7,7,7,4,6.39,6.93,4.95,6.5,9.3
4,4.81,6,7,7,7,4,6.49,0,4.95,6.5,9.3
4,0,6,7,7,7,4,6.49,6.91,4.95,6.5,9.3
4,4.66,6,7,7,7,4,6.45,0,4.95,6.5,9.3
4,0,6,7,7,7,4,6.46,6.93,4.95,6.5,9.3
4,5.5,5.75,7.75,7.75,7,4,7.35,0,4.95,6.75,9.3
4,0,5.75,7.75,7.75,7,4,6.91,7.17,4.95,6.75,9.3
4,4.75,5.75,7.75,7.75,7,4,6.88,0,4.95,6.75,9.3
4,0,5.75,7.75,7.75,7,4,6.77,7.23,4.95,6.75,9.3
4,4.77,5.75,7.75,7.75,7,4,6.77,0,4.95,6.75,9.3
4,0,5.75,7.75,7.75,7,4,6.73,0,4.95,6.75,9.3
4,4.76,5.75,7.75,7.75,7,4,6.79,0,4.95,6.75,9.3
4,0,5.75,7.75,7.75,7,4,6.83,7.27,4.95,6.75,9.3
4,4.77,5.75,7.75,7.75,7,4,6.67,0,4.95,6.75,9.3
4,0,5.75,7.75,7.75,7,4,6.89,7.23,4.95,6.75,9.3
4,4.77,5.75,7.75,7.75,7,4,6.81,0,4.95,6.75,9.3
4,0,5.75,7.75,7.75,7,4,6.82,7.23,4.95,6.75,9.3
4,4.7,5.75,7.75,7.75,7,4,6.79,0,4.95,6.75,9.3
4,0,5.75,7.75,7.75,7,4,6.78,7.25,4.95,6.75,9.3
4,5.14,5.75,7.75,7.75,7,4,6.76,0,4.91,6.75,9.3
4,0,5.75,7.75,7.75,7,4,6.74,7.25,4.91,6.75,9.3
4,4.77,5.75,7.75,7.75,7,4,6.66,0,4.91,6.75,9.3
4,0,5.75,7.75,7.75,7,4,6.71,7.23,4.91,6.75,9.3
4,4.96,5.75,7.75,7.75,7,4,6.81,0,4.91,6.75,9.3
4,0,5.75,7.75,7.75,7,4,6.76,7.21,4.91,6.75,9.3
4,4.79,5.75,7.75,7.75,7,4,6.91,0,4.91,6.75,9.3
4,0,5.75,7.75,7.75,7,4,6.58,7.19,4.91,6.75,9.3
4,4.8,5.75,7.75,7.75,7,4,6.77,0,4.91,6.75,9.3
4,0,5.75,7.75,7.75,7,4,6.78,7.17,4.91,6.75,9.3
4,4.81,5.75,7.75,7.75,7,4,6.72,0,4.91,6.75,9.3
4,0,5.75,7.75,7.75,7,4,6.62,7.1,4.91,6.75,9.3
4,4.82,5.75,7.75,7.75,7.25,4,6.97,0,4.91,6.75,9.6
4,0,6.25,8.25,8.25,7.25,4,7.05,7.47,4.91,7.25,9.7
4,4.9,6.25,8.25,8.25,7.25,4,7.28,0,4.91,7.25,9.7
4,0,6.25,8.25,8.25,7.25,4,7.17,7.49,4.91,7.25,9.7
4,4.72,6.25,8.25,8.25,7.25,4,7.07,0,4.91,7.25,9.7
4,0,6.25,8.25,8.25,7.25,4,7.03,7.49,4.91,7.25,9.7
4,4.75,6.25,8.25,8.25,7.25,4,7.11,0,4.91,7.25,9.7
4,0,6.25,8.25,8.25,7.5,4,7.09,7.51,4.91,7.25,9.7
4,4.73,6.25,8.25,8.25,7.75,4,7.05,0,4.91,7.25,9.7
4,0,6.25,8.25,8.25,7.75,4,7.06,7.53,4.91,7.25,9.7
4,4.79,6.25,8.25,8.25,8,4,7.03,0,4.91,7.25,9.7
4,0,6.25,8.25,8.25,8,4,7.05,7.6,4.91,7.25,9.7
4,4.7,6.25,8.25,8.25,8,4,7.02,0,4.91,7.25,9.7
4,0,6.25,8.25,8.25,8,4,7.04,7.66,4.91,7.25,9.7
4,4.81,6.25,8.25,8.25,8,4,7.08,0,4.91,7.25,9.7
4,0,6.25,8.25,8.25,8,4,7.02,7.75,4.91,7.25,9.7
4,4.77,6.25,8.25,8.25,8,4,7.17,0,4.91,7.25,9.7
4,0,6.25,8.25,8.25,8,4,7.19,7.75,4.91,7.25,9.75
4,4.88,6.5,8.5,8.5,8,4,7.52,0,4.91,7.5,9.75
4,0,6.5,8.5,8.5,8,4,7.56,7.9,4.91,7.5,9.75
4,4.76,6.5,8.5,8.5,8,4,7.38,0,4.91,7.5,9.75
4,0,6.5,8.5,8.5,8,4,7.39,7.97,4.91,7.5,9.75
4,5.15,6.5,8.5,8.5,8,4,7.53,0,4.91,7.5,9.75
4,0,6.5,8.5,8.5,8,4,7.51,7.9,4.91,7.5,9.75
4,4.75,6.5,8.5,8.5,8,4,7.39,0,4.91,7.5,9.75
4,0,6.5,8.5,8.5,8,4,7.36,7.88,4.91,7.5,9.75
4,4.72,6.5,8.5,8.5,8,4,9.23,0,4.91,7.5,10
4,0,6.5,8.5,8.5,8,4,7.36,8.14,4.91,7.5,10
4,4.97,6.5,8.5,8.5,8,4,7.48,0,4.91,7.5,10
4,0,6.5,8.5,8.5,8,4,7.37,8.16,4.91,7.5,10
4,4.87,6.5,8.5,8.5,8,4,7.35,0,4.91,7.5,10
4,0,6.75,8.75,8.75,8,4,7.65,8.33,4.91,7.75,10
4,4.68,6.75,8.75,8.75,8,4,7.68,0,4.91,7.75,10
4,0,6.75,8.75,8.75,8,4,7.78,8.25,4.91,7.75,10
4,4.9,6.75,8.75,8.75,8,4,7.64,0,4.91,7.75,10
4,0,6.75,8.75,8.75,8,4,7.79,8.14,4.91,7.75,10
4,4.77,6.75,8.75,8.75,8,4,7.85,0,4.91,7.75,10
4,0,6.75,8.75,8.75,8,4,7.94,8.25,4.91,7.75,10
4,4.66,7,9,9,8,4,8.03,0,4.91,8,10
4,0,7,9,9,8,4,8.22,8.36,4.91,8,10
4,4.82,7,9,9,8,4,8.1,0,6.67,8,10
4,0,7,9,9,8,4,8.33,8.38,6.67,8,10
4,4.81,7,9,9,8,4,7.88,0,6.67,8,10
4,0,7,9,9,8,4,7.85,8.31,6.67,8,10
4,4.85,7,9,9,8,4,7.9,0,6.67,8,10
4,0,7,9,9,8,4,7.82,8.4,6.67,8,10
4,4.73,7,9,9,8,4,7.89,0,6.67,8,10
4,0,7,9,9,8,4,7.67,8.4,6.67,8,10
4,4.81,7,9,9,8,4,7.91,0,6.67,8,10
4,0,7,9,9,8,4,8.43,8.53,6.67,8,10
4,4.72,7,9,9,8,4,7.79,0,6.67,8,10
4,0,7,9,9,8,4,7.91,8.62,6.67,8,10
4,4.76,7,9,9,8,4,7.76,0,6.67,8,10
4,0,7,9,9,8,4,7.85,8.66,6.67,8,10
4,4.76,7,9,9,8,4,7.93,0,6.67,8,10
4,0,7,9,9,8,4,7.82,8.71,6.67,8,10
4,4.7,7,9,9,8,4,7.48,0,6.67,8,10
4,0,7,9,9,8,4,8.01,8.68,6.67,8,10
4,4.71,7,9,9,8,4,7.86,0,6.67,8,10
4,0,7,9,9,8,4,8.25,8.71,6.67,8,10
4,4.64,7,9,9,8,4,7.97,0,6.67,8,10
4,0,7,9,9,8,4,8.05,8.71,6.67,8,10
4,4.83,7,9,9,8,4,8.67,0,6.67,8,10
4,0,7,9,9,8,4,8.05,8.64,6.67,8,10
4,4.7,7,9,9,8,4,8.45,0,6.67,8,10
4,0,7,9,9,8,4,8.08,8.64,6.67,8,10
4,4.89,7,9,9,8,4,8.11,0,6.67,8,10
4,0,7,9,9,8,4,8.18,8.66,6.67,8,10
4,4.95,7,9,9,8,4,8,0,6.67,8,10
4,0,7,9,9,8,4,7.9,8.6,6.67,8,10
4,4.84,7,9,9,8,4,7.78,0,6.67,8,10
4,0,7,9,9,8,4,7.87,8.71,6.67,8,10
4,4.76,7,9,9,8,4,8.26,0,6.67,8,10
4,0,7,9,9,8,4,8.04,8.88,6.67,8,10
4,4.81,7,9,9,8,4,8.58,0,6.67,8,10
4,0,7,9,9,8,4,8.46,8.9,6.67,8,10
4,4.75,7,9,9,8,4,8.07,0,6.67,8,10
4,0,7,9,9,8,4,8.12,8.97,6.67,8,10
4,4.69,7,9,9,8,4,8.48,0,6.67,8,10
4,0,7,9,9,8,4,8.59,8.86,6.67,8,10
4,4.68,7,9,9,8,4,8.88,0,6.67,8,10
4,0,7,9,9,8,4,8.18,9.12,6.67,8,10
4,4.76,7,9,9,8,4,7.88,0,6.67,8,10
4,0,7,9,9,8,4,7.93,9.1,6.67,8,10
4,4.7,7,9,9,8,4,8.09,0,6.67,8,10
4,0,7,9,9,8,4,8.9,9.08,6.67,8,10
4,4.72,7,9,9,8,4,7.95,0,6.67,8,10
4,0,7,9,9,8,4,8.11,8.95,6.67,8,10
4,4.88,6.75,8.75,8.75,8,4,8.11,0,6.67,7.75,10
4,0,6.75,8.75,8.75,8,4,8.57,8.71,6.67,7.75,10
4,4.82,6.75,8.75,8.75,8,4,8.25,0,6.67,7.75,10
4,0,6.75,8.75,8.75,8,4,8.19,8.77,6.67,7.75,10
4,4.95,6.75,8.75,8.75,8,4,8.72,0,10.02,7.75,10
4,0,6.75,8.75,8.75,8,4,8.64,8.84,10.02,7.75,10
4,5.16,6.75,8.75,8.75,8,4,7.63,0,10.02,7.75,10
4,0,6.75,8.75,8.75,8,4,7.23,8.81,10.02,7.75,10
4,5.02,6.75,8.75,8.75,8,4,8.27,0,10.02,7.75,10
4,0,6.75,8.75,8.75,8,4,8.68,9.12,10.02,7.75,10
4,4.87,6.75,8.75,8.75,8,4,8.7,0,10.02,7.75,10
4,0,6.75,8.75,8.75,8,4,8.18,8.77,10.02,7.75,10
4,5.12,6.75,8.75,8.75,8,4,8.67,0,10.02,7.75,9.8
4,0,6.5,9,9,8,4,8.98,8.68,10.02,7.5,9.8
4,4.95,6.5,9,9,8,4,8.91,0,10.02,7.5,9.8
4,0,6.5,9,9,8,4,9.08,8.77,10.02,7.5,9.8
4,4.8,6.5,9.5,9.5,8,4,9.44,0,10.02,7.5,9.8
4,0,6.5,9.5,9.5,8,4,9.46,9.47,10.02,7.5,9.8
4,5.07,6.5,9.5,9.5,8,4,10.29,0,10.02,7.5,9.8
4,0,6.25,10.25,10.25,8,4,10.38,10.2,10.02,7.25,9.7
4,5.19,6.25,10.25,10.25,8,4,10.1,0,10.02,7.25,9.7
4,0,6.25,10.25,10.25,8,4,10.23,12.01,10.02,7.25,9.7
4,5.11,6.25,10.25,10.25,8,4,10.21,0,10.02,7.25,9.7
4,0,6.25,10.25,10.25,8,4,10.18,11,10.02,7.25,9.7
4,5.09,6.25,10.25,10.25,7.5,4,9.3,0,10.02,7.25,9.7
4,0,6.25,10.25,10.25,7.5,4,9.45,10.73,10.02,7.25,9.7
4,5.04,6.25,10.25,10.25,7.5,4,8.33,0,10.02,7.25,9.7
4,0,6.25,10.25,10.25,7.5,4,7.74,0,10.02,7.25,9.7
4,4.92,6.25,8.25,8.25,7.5,4,7.09,0,10.02,7.25,9.7
4,0,6.25,8.25,8.25,7.5,4,6.95,7.6,10.02,7.25,9.7
4,5.26,6.25,8.25,8.25,7.5,4,7.19,0,10.02,7.25,9.7
4,0,6.25,8.25,8.25,7.5,4,7.26,7.4,10.02,7.25,9.7
4,5.24,6.25,8.25,8.25,7.5,4,7.25,0,10.02,7.25,9.7
4,0,6.25,8.25,8.25,7.5,4,7.29,7.32,10.02,7.25,9.7
4,4.81,6.25,8.25,8.25,7.5,4,7.22,0,10.02,7.25,9.7
4,0,6.25,8.25,8.25,7.5,4,7.27,7.3,10.02,7.25,9.7
4,5.22,6.25,8.25,8.25,7.5,4,7.27,0,10.02,7.25,9.7
4,0,6.25,8.25,8.25,7.5,4,7.3,7.49,10.02,7.25,9.7
4,4.82,6.25,8.25,8.25,7.5,4,7.56,0,10.02,7.25,9.7
4,0,6.5,8.5,8.5,7.5,4,7.57,7.64,10.02,7.5,9.7
4,5.11,6.5,8.5,8.5,7.5,4,7.52,0,10.02,7.5,9.7
4,0,6.5,8.5,8.5,7.5,4,7.59,7.79,10.02,7.5,9.7
4,4.23,6.5,8.5,8.5,7.5,4,7.43,0,10.02,7.5,9.7
4,0,6.5,8.5,8.5,7.5,4,8.65,8.01,10.02,7.5,9.7
4,4.78,6.5,8.5,8.5,7.5,4,7.65,0,10.02,7.5,9.7
4,0,6.75,8.75,8.75,7.5,4,7.8,8.05,10.02,7.75,9.7
4,4.75,6.75,8.75,8.75,7.5,4,7.72,0,10.02,7.75,9.7
4,0,6.75,8.75,8.75,7.5,4,7.84,8.03,10.02,7.75,9.7
4,5.23,6.75,8.75,8.75,7.5,4,7.85,0,10.02,7.75,9.7
4,0,6.75,8.75,8.75,7.5,4,7.8,7.94,10.02,7.75,9.7
4.25,4.94,6.75,8.75,8.75,7.5,4,7.75,0,10.02,7.75,9.7
4.25,0,6.75,8.75,8.75,7.5,4,7.88,7.94,10.02,7.75,9.75
4.25,5.46,7,9,9,8.5,4,8,0,10.02,8,9.75
4.25,0,7,9,9,8.5,4,8.02,7.99,10.02,8,9.75
4.25,5.17,7,9,9,8.5,4,8,0,10.02,8,9.75
4.25,0,7,9,9,8.5,4,8.11,8.05,10.02,8,9.75
4.25,5.28,7,9,9,8.5,4,8.07,0,9.48,8,9.75
4.25,0,7,9,9,8.5,4,8.06,8.14,9.48,8,9.75
4.25,5.72,7,9,9,8.5,4,7.97,0,9.48,8,9.75
4.25,0,7,9,9,8.5,4,8.03,8.14,9.48,8,9.75
4.25,5.1,7,9,9,8.5,4,8.03,0,9.48,8,9.75
4.25,0,7,9,9,8.5,4,8.05,8.16,9.48,8,9.75
4.25,5.41,7,9,9,8.5,4,8.05,0,9.48,8,9.75
4.25,0,7,9,9,8.5,4,8.03,8.16,9.48,8,9.75
4.5,5.27,7,9,9,8.5,4,8.02,0,9.48,8,9.75
4.5,0,7,9,9,8.5,4,8.07,8.07,9.48,8,9.75
4.5,5.82,7,9,9,8.5,4,8.04,0,9.48,8,9.75
4.5,0,7,9,9,8.5,4,8.04,8.1,9.48,8,9.75
4.5,4.8,7,9,9,8.5,4,7.81,0,9.48,8,9.75
4.5,0,7,9,9,8.5,4,8.02,8.14,9.48,8,9.75
4.75,5.71,7,9,9,8.5,4,8.02,0,9.48,8,9.75
4.75,0,7,9,9,8.5,4,7.97,8.14,9.48,8,9.75
4.75,5.63,7,9,9,8.5,4,7.65,0,9.48,8,9.75
4.75,0,7,9,9,8.5,4,7.97,8.25,9.48,8,9.75
4.75,5.68,7,9,9,8.5,4,7.93,0,9.48,8,9.75
4.75,0,7,9,9,8.5,4,8.02,8.27,9.48,8,9.75
4.75,5.76,7,9,9,8,4,8,0,9.48,8,9.75
4.75,0,7,9,9,8,4,8.01,8.25,9.48,8,9.75
4.75,5.79,7,9,9,8,4,7.97,0,9.48,8,9.75
4.75,0,7,9,9,8,4,8.05,8.12,9.48,8,9.75
4.75,5.75,7,9,9,8,4,8.07,0,9.48,8,9.75
4.75,0,7,9,9,8,4,8.11,8.27,9.48,8,9.75
4.75,5.88,7,9,9,8,4,8.13,0,9.48,8,9.75
4.75,0,7,9,9,8,4,8.21,8.31,9.48,8,9.75
4.75,5.78,7,9,9,8,4,8.06,0,9.48,8,9.75
4.75,0,7,9,9,8,4,8.14,8.16,9.48,8,9.75
4.75,5.52,7,9,9,8,4,8.1,0,9.48,8,9.75
4.75,0,7,9,9,8,4,8.22,8.42,9.48,8,9.75
4.75,5.7,7,9,9,8,4,8.22,0,9.48,8,9.75
4.75,0,7,9,9,8,4,8.37,8.42,9.48,8,9.75
4.75,5.4,7,9,9,8,4,8.37,0,9.48,8,9.75
4.75,0,7,9,9,8.5,4,8.36,8.38,9.48,8,10
4.75,5.9,7,9,9,8.5,4,8.47,0,9.48,8,10
4.75,0,7.5,9.5,9.5,8.5,4,8.87,8.57,9.48,8.5,10
4.75,5.3,7.5,9.5,9.5,8.5,4,9.27,0,9.48,8.5,10
4.75,0,7.5,9.5,9.5,8.5,4,9.95,8.66,9.48,8.5,10
4.75,6.08,7.5,9.5,9.5,8.5,4,9.01,0,9.48,8.5,10
4.75,0,7.5,9.5,9.5,8.5,4,8.9,8.66,9.48,8.5,10
5.5,5.9,7.5,9.5,9.5,8.5,4,8.84,0,9.48,8.5,10
5.5,0,7.5,9.5,9.5,8.5,4,8.97,8.75,9.48,8.5,10
5.5,5.99,7.5,9.5,9.5,8.5,4,8.73,0,9.48,8.5,10
5.5,0,7.5,9.5,9.5,8.5,4,8.81,8.66,9.48,8.5,10
5.5,6.2,7.5,9.5,6,8.25,4,8.69,0,9.48,8.5,10
5.5,0,7.5,9.5,6,8.25,4,8.99,8.66,9.48,8.5,10
6,7.02,7.5,9.5,6,8.25,4,8.98,0,9.48,8.5,10
6,0,7.5,9.5,6,8.25,4,9.12,8.55,9.48,8.5,10
6,6.78,7.5,9.5,6,8.25,4,8.68,0,9.48,8.5,10
6,0,7.5,9.5,6,8.25,4,8.79,8.42,9.48,8.5,10
6,6.66,7.5,9.5,6,8.25,4,9.1,0,8.91,8.5,10
6,0,7.5,9.5,6,8.25,4,9.53,8.27,8.91,8.5,10
6,6.82,7.5,9.5,6,8.25,4,8.66,0,8.91,8.5,10
6,0,7.5,9.5,6,8.25,4,8.58,8.51,8.91,8.5,10
6,6.73,7.5,9.5,6,8.25,4,8.54,0,8.91,8.5,10
6,0,7.5,9.5,6,8.25,4,8.67,8.84,8.91,8.5,10
6,7.02,7.5,9.5,6,8.25,4,8.58,8.95,8.91,8.5,10
6,0,7.5,9.5,6,8.25,4,8.6,8.95,8.91,8.5,10
6,0,7.5,9.5,6,0,0,8.47,0,8.91,8.5,10
6,0,7.5,9.5,6,0,0,8.41,0,8.91,8.5,10
6,0,7.25,9.25,6,0,0,8.26,0,8.91,8.25,10
6,0,7.25,9.25,6,0,0,8.27,0,8.91,8.25,10
6,0,7.25,9.25,6,0,0,8.04,0,8.91,8.25,10
6,0,7.25,9.25,6,0,0,8.27,0,8.91,8.25,10
6,0,7.25,9.25,6,0,0,8.25,0,8.91,8.25,10
6,0,7.25,9.25,6,0,0,8.03,0,8.91,8.25,10
6,0,7,9,6,0,0,7.94,0,8.91,8,10
6,0,7,9,6,0,0,8.01,0,8.91,8,10
6,0,7,9,6,0,0,7.96,0,8.91,8,10
6,0,7,9,6,0,0,7.98,0,8.91,8,10
6,0,7,9,6,0,0,7.97,0,8.91,8,9.5
6,0,7,9,6,0,0,7.97,0,8.91,8,9.5
6,0,7,9,6,0,0,7.82,0,8.91,8,9.5
6,0,6.5,9,6,0,0,7.62,0,8.91,7.5,9.5
6,0,6.5,8.5,6,0,0,7.57,0,8.91,7.5,9.5
6,0,6.5,8.5,6,0,0,7.49,0,8.91,7.5,9.25
6,0,6.5,8.5,6,0,0,7.57,0,8.91,7.5,9.25
6,0,6.5,8.5,6,0,0,7.67,0,8.91,7.5,9.25
6,0,6.5,8.5,6,0,0,7.4,0,8.91,7.5,9.25
6,0,6.5,8.25,6,0,0,7.36,0,8.91,7.25,9.25
6,0,6.5,8.25,6,0,0,7.3,0,8.91,7.25,9.25
6,0,6.5,8.25,6,0,0,7.4,0,8.91,7.25,9.25
6,0,6.5,8.25,6,0,0,7.35,0,8.91,7.25,9.25
6,0,6.5,8.25,6,0,0,7.39,0,8.91,7.25,9.25
6,0,6.5,8.25,6,0,0,6.75,0,8.91,7.25,8.5
6,0,5.75,0,6,0,0,6.87,0,8.91,6.75,8.5
6,0,5.75,0,6,0,0,6.4,0,8.91,6.75,8.25
6,0,5.75,0,6,0,0,6.77,0,8.91,6.75,8.25
6,0,5.75,0,6,0,0,6.22,0,8.91,6.75,8.25
6,0,5.75,0,6,0,0,7.6,0,8.91,6.75,8.25
4.71,5.06,3.93,5.22,7.27,5.94,7.82,8.71,7.17,8.49,8.35,7.78
0,5.26,3.9,5.22,7.45,5.94,7.48,0,7.19,8.63,8.35,7.79
4.95,5.31,3.82,5.22,7.41,5.86,8.01,8.68,7.52,8.6,8.23,7.75
0,5.36,3.73,5.19,7.26,5.94,7.86,0,7.56,8.14,8.23,7.82
4.73,5.31,3.53,5.19,7.41,6.31,8.25,8.71,7.38,8.78,8.27,7.8
0,5.34,3.35,5.07,7.41,6.4,7.97,0,7.39,7.97,8.27,7.84
4.65,5.36,3.34,5.12,7.64,6.36,8.05,8.71,7.53,8.15,8.31,7.84
0,5.32,3.51,5.13,7.77,6.4,8.67,0,7.51,8.03,8.31,7.81
4.7,5.32,3.42,5.16,7.85,6.36,8.05,8.64,7.39,7.87,8.44,7.79
0,5.45,3.7,5.14,7.81,6.36,8.45,0,7.36,7.53,8.44,7.83
4.88,5.58,3.61,5.21,7.84,6.52,8.08,8.64,9.23,7.47,8.48,7.71
0,5.59,3.71,5.21,7.84,6.52,8.11,0,7.36,7.44,8.48,7.9
4.74,5.61,3.8,5.25,7.88,6.52,8.18,8.66,7.48,7.43,8.52,7.79
0,5.62,3.87,5.33,7.96,6.56,8,0,7.37,7.31,8.52,7.64
4.8,5.67,3.95,5.44,8.02,6.56,7.9,8.6,7.35,7.43,8.6,7.67
0,5.78,4.17,5.5,8,6.56,7.78,0,7.65,7.44,8.6,8.03
4.75,5.78,4.43,5.46,8.03,6.56,7.87,8.71,7.68,7.34,8.6,8.03
0,5.72,4.24,5.54,8.07,6.56,8.26,0,7.78,7.4,8.6,7.89
4.87,5.81,4.18,5.61,7.98,6.56,8.04,8.88,7.64,7.59,8.65,7.85
0,5.9,4.24,5.63,7.95,6.56,8.58,0,7.79,7.74,8.65,7.84
4.84,5.93,3.9,5.63,7.86,6.56,8.46,8.9,7.85,7.74,8.65,7.82
0,5.95,3.86,5.65,7.85,6.56,8.07,0,7.94,7.78,8.65,0
4.67,5.95,4.09,5.69,7.74,6.6,8.12,8.97,8.03,7.87,8.6,7.84
0,6.08,4.09,5.88,7.73,6.73,8.48,0,8.22,7.93,8.6,7.83
4.84,6.16,4.15,5.95,7.75,6.77,8.59,8.86,8.1,7.95,8.56,7.86
0,6.05,4.19,5.93,7.78,6.77,8.88,0,8.33,7.96,8.52,7.76
4.64,6,4.6,6.03,7.8,6.81,8.18,9.12,7.88,7.87,8.56,7.77
0,6.18,4.64,6.12,7.87,6.85,7.88,0,7.85,7.86,8.56,7.73
4.66,6.35,4.71,6.16,7.98,6.27,7.93,9.1,7.9,7.91,8.56,7.71
0,6.2,4.43,6.1,7.92,6.85,8.09,0,7.82,7.8,8.52,7.72
4.68,6.18,4.07,6.12,7.89,6.85,8.9,9.08,7.89,7.83,8.65,7.69
0,6.15,3.95,6.18,7.95,6.85,7.95,0,7.67,7.83,8.65,7.74
4.61,6.22,4.19,6.27,7.94,6.81,8.11,8.95,7.91,7.89,8.86,7.75
0,6.29,4.45,6.39,7.95,6.81,8.11,0,8.43,7.88,8.81,7.89
4.65,6.26,4.4,6.46,7.89,6.81,8.57,8.71,7.79,7.86,8.86,7.9
0,6.39,4.62,6.5,7.79,6.85,8.25,0,7.91,7.82,8.86,8.01
4.82,6.4,4.51,6.5,7.76,7.27,8.19,8.77,7.76,7.93,8.85,7.99
0,6.43,4.58,6.48,7.8,7.23,8.72,0,7.85,8.11,8.9,7.85
4.66,6.41,4.88,6.42,7.73,7.27,8.64,8.84,7.93,8.14,8.94,7.97
0,6.35,4.51,6.31,7.46,7.27,7.63,0,7.82,8.14,8.86,8.1
5.09,6.35,4.8,6.29,7.2,7.27,7.23,8.81,7.48,8.16,9.19,8.19
0,6.57,4.25,6.35,7.42,0,8.27,0,8.01,8.18,9.27,8.23
5.14,6.49,4.16,6.37,7.59,7.35,8.68,9.12,7.86,8.23,9.19,8.22
0,6.44,4.51,6.44,7.58,7.35,8.7,0,8.25,8.19,9.15,8.28
4.62,6.36,4.57,6.46,7.69,7.35,8.18,8.77,7.97,8.22,9.11,8.37
0,6.39,4.38,6.48,7.76,0,8.67,0,8.05,8.2,9.11,8.4
4.61,6.42,4.32,6.46,7.64,7.31,8.98,8.68,8.67,8.13,8.98,8.47
0,6.38,4.15,6.42,7.56,7.23,8.91,0,8.05,8.13,8.9,8.49
4.67,6.43,4.22,6.67,7.54,7.23,9.08,8.77,8.45,8.17,8.69,8.45
0,6.43,4.22,6.69,7.54,7.23,9.44,0,8.08,8.16,8.73,8.47
4.76,6.5,4.19,6.74,7.27,7.23,9.46,9.47,8.11,8.15,8.73,8.51
0,6.53,4.06,6.74,7.26,7.23,10.29,0,8.18,8.17,8.73,8.54
4.57,6.41,4.06,6.78,7.26,7.19,10.38,10.2,8,8.18,8.69,8.57
0,6.34,3.97,6.8,7.08,7.14,10.1,0,7.9,8.2,8.65,8.53
4.67,6.49,3.94,6.84,7.49,7.14,10.23,12.01,7.78,8.24,8.77,8.53
0,6.57,3.9,6.87,7.45,7.14,10.21,0,7.87,8.16,8.65,8.65
4.6,6.46,3.94,6.95,7.29,7.14,10.18,11,8.26,8.21,8.94,8.52
0,6.32,4.02,7.02,7.27,7.1,9.3,0,8.04,8.12,8.94,8.4
4.68,6.36,4.05,7.06,7.25,7.1,9.45,10.73,8.58,8.25,8.98,8.77
0,6.39,4.01,7.1,7.21,7.1,8.33,0,8.46,8.1,8.56,8.78
4.68,6.39,4.01,7.17,7.22,7.06,7.74,0,8.07,8.06,8.6,8.67
0,6.35,4.17,7.23,7.12,7.06,7.09,0,8.12,0,7.82,8.72
4.68,6.24,4.36,7.23,7.12,7.06,6.95,7.6,8.48,8.13,7.48,8.7
0,6.21,4.49,7.21,7,7.39,7.19,0,8.59,8.17,8.01,8.59
4.62,6.16,4.55,7.23,6.95,7.48,7.26,7.4,8.88,8.08,7.86,8.52
0,6.16,4.59,7.3,6.91,7.44,7.25,0,8.18,8.05,8.25,8.64
4.9,6.12,4.58,7.45,6.92,7.44,7.29,7.32,7.88,8.35,7.97,8.68
0,6.17,4.68,7.42,6.83,7.44,7.22,0,7.93,8.37,8.05,8.86
4.77,6.22,4.65,7.34,6.79,7.44,7.27,7.3,8.09,8.54,8.67,8.77
0,6.09,4.42,7.27,6.72,7.27,7.27,0,8.9,8.53,8.05,8.81
4.69,5.95,4.34,7.12,6.67,7.44,7.3,7.49,7.95,8.56,8.45,8.94
0,5.91,4.45,7.02,6.61,7.48,7.56,0,8.11,8.63,8.08,8.9
4.6,5.94,4.56,7.02,6.65,7.48,7.57,7.64,8.11,8.65,8.11,8.99
0,5.91,4.35,6.99,6.62,7.52,7.52,0,8.57,8.54,8.18,9.12
4.69,5.9,4.54,6.97,6.6,7.52,7.59,7.79,8.25,8.47,8,8.84
0,5.9,4.37,6.95,6.53,7.56,7.43,0,8.19,8.69,7.9,8.82
4.82,5.92,4.3,6.97,6.56,7.69,8.65,8.01,8.72,8.57,7.78,8.82
0,5.91,4.39,6.93,6.51,7.69,7.65,0,8.64,8.38,7.87,8.87
4.76,9.75,4.38,6.93,6.54,7.69,7.8,8.05,7.63,8.42,8.26,8.86
0,9.75,4.37,6.91,6.59,7.69,7.72,0,7.23,8.28,8.04,8.81
4.9,9.75,4.28,6.89,6.57,7.85,7.84,8.03,8.27,8.22,8.58,8.83
0,9.75,4.24,6.89,6.64,7.89,7.85,0,8.68,8.23,8.46,8.75
4.55,9.75,4.24,6.89,6.53,7.98,7.8,7.94,8.7,8.19,8.07,8.81
0,9.75,4.17,6.82,6.53,7.98,7.75,0,8.18,8.19,8.12,8.78
4.74,9.75,4.01,6.8,6.65,7.94,7.88,7.94,8.67,8.16,8.48,8.66
0,9.75,3.97,6.8,7.49,7.89,8,0,8.98,8.35,8.59,8.75
4.58,9.75,4.11,6.63,6.72,7.85,8.02,7.99,8.91,8.18,8.88,8.82
0,9.75,3.95,6.48,6.74,7.85,8,0,9.08,8.19,8.18,8.94
4.89,9.75,3.89,6.42,7.51,0,8.11,8.05,9.44,8.22,7.88,8.8
0,9.75,4.15,6.42,7.2,8.27,8.07,0,9.46,8.56,7.93,8.91
4.47,9.75,4.05,6.31,7.18,8.31,8.06,8.14,10.29,5.4,8.09,8.85
0,9.75,4.15,6.31,7.11,8.31,7.97,0,10.38,5.4,8.9,8.75
5.11,9.75,4.37,6.31,7.17,8.23,8.03,8.14,10.1,5.4,7.95,8.79
0,9.75,4.58,6.33,7,8.39,8.03,0,10.23,5.4,8.11,9.06
4.63,9.75,4.69,6.33,7.13,8.35,8.05,8.16,10.21,5.4,8.11,9.02
0,9.75,4.55,6.44,7.17,8.27,8.05,0,10.18,5.4,8.57,8.69
4.69,9.75,4.32,6.5,7.23,8.27,8.03,8.16,9.3,5.4,8.25,8.58
0,9.75,4.5,6.5,7.06,8.23,8.02,0,9.45,5.4,8.19,8.55
4.63,9.75,4.76,6.48,7.12,8.19,8.07,8.07,8.33,5.4,8.72,8.49
0,9.75,4.85,6.48,7.05,8.39,8.04,0,7.74,5.4,8.64,8.67
4.54,9.75,4.93,6.5,7,8.39,8.04,8.1,7.09,5.4,7.63,8.71
0,9.75,4.57,6.5,6.75,8.31,7.81,0,6.95,5.4,7.23,8.58
4.7,10,4.61,6.46,6.87,8.35,8.02,8.14,7.19,5.4,8.27,8.49
0,10,4.6,6.44,6.86,8.35,8.02,0,7.26,5.4,8.68,8.63
4.65,10,4.42,6.39,6.78,8.23,7.97,8.14,7.25,5.4,8.7,8.6
0,10,4.44,6.35,6.66,8.23,7.65,0,7.29,5.65,8.18,8.14
4.77,10,4,6.33,6.63,8.27,7.97,8.25,7.22,5.65,8.67,8.78
0,10,4.09,6.33,6.63,8.27,7.93,0,7.27,5.65,8.98,7.97
4.61,10,3.94,6.31,6.59,8.31,8.02,8.27,7.27,5.65,8.91,8.15
0,10,4.1,6.27,6.49,8.31,8,0,7.3,5.65,9.08,8.03
4.66,10,4.08,6.25,6.29,8.44,8.01,8.25,7.56,5.65,9.44,7.87
0,10,4.38,6.2,6.28,8.44,7.97,0,7.57,5.65,9.46,7.53
4.67,10,4.46,6.18,6.51,8.48,8.05,8.12,7.52,5.65,10.29,7.47
0,10,4.46,6.18,6.78,8.48,8.07,0,7.59,6,10.38,7.44
4.75,10,4.36,6.18,6.88,8.52,8.11,8.27,7.43,6,10.1,7.43
0,10,4.3,6.18,6.83,8.52,8.13,0,8.65,6,10.23,7.31
4.69,10,4.31,6.18,6.79,8.6,8.21,8.31,7.65,6,10.21,7.43
0,10,4.42,6.18,6.78,8.6,8.06,0,7.8,6,10.18,7.44
4.89,10,4.28,6.18,6.73,8.6,8.14,8.16,7.72,6,9.3,7.34
0,10,4.19,5.05,6.81,8.6,8.1,0,7.84,6,9.45,7.4
4.97,10,4.24,4.94,6.82,8.65,8.22,8.42,7.85,6,8.33,7.59
0,10,4.26,5.03,6.88,8.65,8.22,0,7.8,6,7.74,7.74
4.7,10,4.31,5.01,6.84,8.65,8.37,8.42,7.75,6.25,7.09,7.74
0,10,4.53,5,6.97,8.65,8.37,0,7.88,6.25,6.95,7.78
4.8,10,4.56,4.89,7.13,8.6,8.36,8.38,8,6.25,7.19,7.87
0,10,4.55,4.99,7.13,8.6,8.47,0,8.02,6.25,7.26,7.93
4.7,10,4.65,5.02,7.11,8.56,8.87,8.57,8,6.25,7.25,7.95
0,10,4.61,5.05,7.2,8.52,4.51,4.42,8.11,6.25,7.29,7.96
4.73,10,4.73,5.03,7.27,8.56,4.4,4.34,8.07,6.25,7.22,7.87
0,10,4.84,5.04,7.28,8.56,4.62,4.45,8.06,6.25,7.27,7.86
4.65,10,4.67,5.08,7.31,8.56,4.44,4.56,7.97,6.25,7.27,7.91
0,10,4.76,5.12,7.47,8.52,4.52,4.35,8.03,6.5,7.3,7.8
4.72,10,4.77,5.2,7.43,8.65,4.54,4.54,8.03,6.5,7.56,7.83
0,10,4.83,5.32,7.55,8.65,4.37,4.37,8.05,6.5,7.57,7.83
4.77,10,4.79,5.41,7.49,8.86,4.18,4.3,8.05,6.5,7.52,7.89
0,10,4.81,5.28,7.48,8.81,4.74,4.39,8.03,6.5,7.59,7.88
4.72,10,4.83,5.32,7.49,8.86,4.36,4.38,8.02,6.5,7.43,7.86
0,10,4.99,5.37,6.67,8.86,4.46,4.37,8.07,6.5,8.65,7.82
4.63,10,5.07,5.41,7.49,8.85,4.07,4.28,8.04,6.5,7.65,7.93
0,9.5,5.1,5.45,7.46,8.9,4.15,4.24,8.04,6.75,7.8,8.11
4.88,9.5,5.23,5.49,7.5,8.94,4.09,4.24,7.81,6.75,7.72,8.14
0,9.5,5.27,5.45,7.44,8.86,4.11,4.17,8.02,6.75,7.84,8.14
4.54,9.5,5.29,5.65,7.45,9.19,4.13,4.01,8.02,6.75,7.85,8.16
0,9.5,5.34,5.74,7.42,9.27,4.06,3.97,7.97,6.75,7.8,8.18
5.28,9.25,4.97,5.74,7.45,9.19,4.28,4.11,7.65,6.75,7.75,8.23
0,9.25,5.01,5.86,7.42,9.15,4.13,3.95,7.97,6.75,7.88,8.19
4.58,9.25,5.13,5.98,7.52,9.11,4.22,3.89,7.93,6.75,8,8.22
0,9.25,4.92,6.03,7.55,9.11,4.18,4.15,8.02,6.75,8.02,8.2
4.64,9.25,5.15,5.98,7.64,8.98,4.23,4.05,8,6.75,8,8.13
0,9.25,5.15,5.94,7.63,8.9,4.34,4.15,8.01,6.75,8.11,8.13
4.63,9.25,5.07,6.07,7.77,8.69,4.61,4.37,7.97,6.75,8.07,8.17
0,9.25,5.32,6.19,7.73,8.73,5.71,4.58,8.05,6.75,8.06,8.16
4.7,9.25,4.99,6.36,7.7,8.73,5.36,4.69,8.07,6.75,7.97,8.15
0,8.5,4.84,6.4,7.68,8.73,5.07,4.55,8.11,6.75,8.03,8.17
4.72,8.5,4.93,6.48,7.64,8.69,4.69,4.32,8.13,6.75,8.03,8.18
0,8.25,4.87,6.44,7.64,8.65,4.26,4.5,8.21,6.75,8.05,8.2
4.77,8.25,4.59,6.4,7.66,8.77,4.32,4.76,8.06,6.75,8.05,8.24
0,8.25,4.15,6.31,7.59,8.65,4.47,4.85,8.14,6.75,8.03,8.16
5.44,4,4.27,6.27,7.81,8.94,4.4,4.93,8.1,6.75,8.02,8.21
0,4,4.25,6.23,7.82,8.94,4.16,4.57,8.22,6.75,8.07,8.12
9.03,4,4.07,6.31,7.72,8.98,4.33,4.61,8.22,6.75,8.04,8.25
0,4,3.69,6.31,7.8,8.56,4.34,4.6,8.37,6.75,8.04,8.1
6.34,4,3.16,6.36,7.83,8.6,4.17,4.42,8.37,6.75,7.81,8.06
0,4,4.49,6.4,7.83,7.82,4.32,4.44,8.36,6.75,8.02,0
6.53,4,5.07,6.4,7.72,7.48,3.84,4,8.47,6.75,8.02,8.13
0,4,5.58,6.4,7.7,8.01,3.84,4.09,8.87,6.75,7.97,8.17
4.85,4,5.38,6.4,7.73,7.86,3.72,3.94,9.27,6.5,7.65,8.08
0,4,5.56,6.56,7.69,8.25,4.28,4.1,9.95,6.5,7.97,8.05
4.71,4,5.83,6.56,7.6,7.97,4.26,4.08,9.01,6.5,7.93,8.35
0,4,5.84,6.6,7.58,8.05,4.44,4.38,8.9,6.5,8.02,8.37
4.65,4,6.21,6.65,7.55,8.67,4.43,4.46,8.84,6.5,8,8.54
0,4,6.03,6.65,7.57,8.05,4.46,4.46,8.97,6.5,8.01,8.53
4.65,4,6.22,6.65,7.71,8.45,4.52,4.36,8.73,6.5,7.97,8.56
0,4,6.13,6.65,7.7,8.08,4.61,4.3,8.81,6.5,8.05,8.63
4.82,4,6.28,6.6,7.77,8.11,4.62,4.31,8.69,6.25,8.07,8.65
0,4,6.24,6.69,7.75,8.18,4.78,4.42,8.99,6.25,8.11,8.54
4.64,4,6.28,6.73,7.78,8,4.96,4.28,8.98,6.25,8.13,8.47
0,4,6.34,6.77,7.79,7.9,4.43,4.19,9.12,6.25,8.21,8.69
4.72,4,6.29,6.81,7.75,7.78,4.87,4.24,8.68,6.25,8.06,8.57
0,4,6.24,6.9,7.82,7.87,4.23,4.26,8.79,6.25,8.14,8.38
4.68,4,6.23,6.94,7.8,8.26,4.31,4.31,9.1,6.25,8.1,8.42
0,4,6.26,6.94,7.84,8.04,4.68,4.53,9.53,6.25,8.22,8.28
4.7,4,6.34,6.94,7.84,8.58,4.68,4.56,8.66,6.25,8.22,8.22
0,4,6.38,6.94,7.81,8.46,4.96,4.55,8.58,6.25,8.37,8.23
4.82,4,6.32,6.94,7.79,8.07,4.71,4.65,8.54,6.25,8.37,8.19
0,4,6.58,7.14,7.83,8.12,4.68,4.61,8.67,6.25,8.36,8.19
4.69,4,6.47,7.19,7.71,8.48,5.22,4.73,8.58,6.25,8.47,8.16
0,4,6.34,7.06,7.9,8.59,4.84,4.84,8.6,6.25,8.87,8.35
4.68,4,6.44,6.98,7.79,8.88,4.82,4.67,8.47,6.25,4.51,8.18
0,4,6.44,6.85,7.64,8.18,5.19,4.76,8.41,6.25,4.4,8.19
4.78,4,6.71,6.81,7.67,7.88,4.74,4.77,8.26,6.25,4.62,8.22
0,4,6.7,6.81,8.03,7.93,4.83,4.83,8.27,6.25,4.44,8.56
4.81,4,6.8,6.77,8.03,8.09,4.76,4.79,8.04,6.25,4.52,5.4
0,4,6.98,6.69,7.89,8.9,4.75,4.81,8.27,6.25,4.54,5.4
4.66,4,6.89,6.73,7.85,7.95,4.92,4.83,8.25,6.25,4.37,5.4
0,4,6.5,6.69,7.84,8.11,5.17,4.99,8.03,6.25,4.18,5.4
5.5,4,6.63,6.52,7.82,8.11,5.23,5.07,7.94,6.25,4.74,5.4
0,4,7.69,6.52,7.84,8.57,5.04,5.1,8.01,6.25,4.36,5.4
4.75,4,7.57,6.48,7.83,8.25,5.61,5.23,7.96,6.25,4.46,5.4
0,4,7.87,6.52,7.86,8.19,5.2,5.27,7.98,6.25,4.07,5.4
4.77,4,7.49,6.48,7.76,8.72,5.22,5.29,7.97,6.25,4.15,5.4
0,4,7.36,6.52,7.77,8.64,5.4,5.34,7.97,6.25,4.09,5.4
4.76,4,6.83,6.52,7.73,7.63,5.09,4.97,7.82,6.25,4.11,5.4
0,4,6.58,6.4,7.71,7.23,5.22,5.01,7.62,6.25,4.13,5.4
4.77,4,6.56,6.4,7.72,8.27,5.68,5.13,7.57,6.25,4.06,5.4
0,4,6.36,6.31,7.69,8.68,5.58,4.92,7.49,6.25,4.28,5.4
4.77,4,6.44,6.27,7.74,8.7,5.21,5.15,7.57,6.25,4.13,5.4
0,4,6.58,6.23,7.75,8.18,4.85,5.15,7.67,6.25,4.22,5.65
4.7,4,6.27,6.19,7.89,8.67,4.65,5.07,7.4,6.25,4.18,5.65
0,4,6.17,6.11,7.9,8.98,4.84,5.32,7.36,6.25,4.23,5.65
5.14,4,6.22,6.11,8.01,8.91,4.45,4.99,7.3,6.25,4.34,5.65
0,4,6.23,6.11,7.99,9.08,4.4,4.84,7.4,6.25,4.61,5.65
4.77,4,6.17,6.11,7.85,9.44,5.46,4.93,7.35,6.25,5.71,5.65
0,4,6.16,6.15,7.97,9.46,5.1,4.87,7.39,6.25,5.36,5.65
4.96,4,6.32,6.23,8.1,10.29,4.59,4.59,6.75,6.25,5.07,5.65
0,4,6.54,6.31,8.19,10.38,3.88,4.15,6.87,6.25,4.69,6
4.79,4,6.53,6.36,8.23,10.1,4.42,4.27,6.4,6.25,4.26,6
0,4,6.63,6.36,8.22,10.23,4.43,4.25,6.77,6.25,4.32,6
4.8,4,6.62,6.36,8.28,10.21,4.51,4.07,6.22,6.5,4.47,6
0,4,6.65,6.4,8.37,10.18,3.51,3.69,7.6,6.5,4.4,6
4.81,4,6.65,6.4,8.4,9.3,2.19,3.16,7.81,6.5,4.16,6
0,4,6.73,6.4,8.47,9.45,4.41,4.49,7.84,6.5,4.33,6
4.82,4,6.59,6.36,8.49,8.33,5.19,5.07,7.74,6.5,6.5,6
0,4,6.6,6.31,8.45,7.74,5.49,5.58,7.63,6.5,6.5,6
4.9,4,6.67,6.27,8.47,7.09,5.38,5.38,7.76,6.5,6.48,6.25
0,4,6.6,6.19,8.51,6.95,5.92,5.56,7.58,6.5,6.48,6.25
4.72,4,6.63,6.19,8.54,7.19,6.28,5.83,7.23,6.5,6.5,6.25
0,4,6.72,6.15,8.57,7.26,6.65,5.84,7.33,6.5,6.5,6.25
4.75,4,7.05,6.15,8.53,7.25,6.66,6.21,7.3,6.5,6.46,6.25
0,4,6.85,6.15,8.53,7.29,6.39,6.03,7.57,6.5,6.44,6.25
4.73,4,7.27,6.11,8.65,7.22,6.46,6.22,7.49,6.5,6.39,6.25
0,4,7.12,6.11,8.52,7.27,6.31,6.13,7.95,6.5,6.35,6.25
4.79,4.25,7.2,6.11,8.4,7.27,6.46,6.28,7.92,6.5,6.33,6.25
0,4.25,7.31,6.11,8.77,7.3,6.44,6.24,7.61,6.5,6.33,6.5
4.7,4.25,7.32,6.11,8.78,7.56,6.45,6.28,7.88,6.5,6.31,6.5
0,4.25,7.26,6.11,8.67,7.57,6.64,6.34,8.03,4.53,6.27,6.5
4.81,4.25,7.3,6.07,8.72,7.52,6.47,6.29,7.98,4.56,6.25,6.5
0,4.25,7.33,6.07,8.7,7.59,6.35,6.24,8.11,4.55,6.2,6.5
4.77,4.25,7.31,6.11,8.59,7.43,6.35,6.23,8.16,4.65,6.18,6.5
0,4.25,7.32,6.11,8.52,8.65,6.44,6.26,8.32,4.61,6.18,6.5
4.88,4.25,7.28,6.11,8.64,7.65,6.4,6.34,8.49,4.73,6.18,6.5
0,4.25,7.55,6.07,8.68,7.8,6.41,6.38,8.51,4.84,6.18,6.75
4.76,4.25,7.61,6.11,8.86,7.72,6.35,6.32,8.54,4.67,6.18,6.75
0,4.25,7.62,6.11,8.77,7.84,6.43,6.58,8.47,4.76,6.18,6.75
5.15,4.25,7.61,6.15,8.81,7.85,6.29,6.47,8.6,4.77,6.18,6.75
0,4.25,7.51,6.15,8.94,7.8,6.16,6.34,8.52,4.83,8.11,6.75
4.75,4.5,7.83,6.15,8.9,7.75,6.35,6.44,8.58,4.79,8.18,6.75
0,4.5,7.82,6.15,8.99,7.88,6.59,6.44,8.55,4.81,8,6.75
4.72,4.5,7.86,6.11,9.12,8,6.65,6.71,8.71,4.83,7.9,6.75
0,4.5,8.5,6.23,8.84,8.02,6.85,6.7,8.55,4.99,7.78,6.75
4.97,4.5,8.19,6.31,8.82,8,7.22,6.8,8.57,5.07,7.87,6.75
0,4.5,8.17,6.27,8.82,8.11,7.22,6.98,8.76,5.1,8.26,6.75
4.87,4.75,8.1,6.27,8.87,8.07,7.23,6.89,8.79,5.23,8.04,6.75
0,4.75,8.29,6.27,8.86,8.06,6.68,6.5,8.76,5.27,8.58,6.75
4.68,4.75,7.9,6.27,8.81,7.97,6.78,6.63,8.68,5.29,8.46,6.75
0,4.75,7.79,6.31,8.83,8.03,9.69,7.69,8.65,5.34,8.07,6.75
4.9,4.75,7.81,6.85,8.75,8.03,8.74,7.57,8.54,4.97,8.12,6.75
0,4.75,7.84,6.27,8.81,8.05,9.48,7.87,8.48,5.01,8.48,6.75
4.77,4.75,7.74,6.27,8.78,8.05,8.38,7.49,7.95,5.13,8.59,6.75
0,4.75,7.63,6.23,8.66,8.03,8.29,7.36,8.39,4.92,8.88,6.75
4.66,4.75,7.76,6.19,8.75,8.02,6.39,6.83,7.94,5.15,8.18,6.75
0,4.75,7.58,6.11,8.82,8.07,6.14,6.58,8.38,5.15,7.88,6.75
4.82,4.75,7.23,5.98,8.94,8.04,6.12,6.56,8.41,5.07,7.93,6.75
0,4.75,7.33,5.86,8.8,8.04,6.01,6.36,8.5,5.32,8.09,6.75
4.81,4.75,7.3,5.82,8.91,7.81,6.73,6.44,8.42,4.99,8.9,6.75
0,4.75,7.57,5.86,8.85,8.02,7.12,6.58,8.79,4.84,7.95,6.75
4.85,4.75,7.49,5.94,8.75,8.02,6.3,6.27,8.85,4.93,8.11,6.75
0,4.75,7.95,5.94,8.79,7.97,6.17,6.17,9.23,4.87,8.11,6.75
4.73,4.75,7.92,6.07,9.06,7.65,6.34,6.22,9.71,4.59,8.57,6.5
0,4.75,7.61,6.15,9.02,7.97,6.32,6.23,9.09,4.15,8.25,6.5
4.81,4.75,7.88,6.19,8.69,7.93,6.47,6.17,8.94,4.27,8.19,6.5
0,4.75,8.03,6.11,8.58,8.02,6.28,6.16,8.86,4.25,8.72,6.5
4.72,4.75,7.98,6.19,8.55,8,7.1,6.32,8.67,4.07,8.64,6.5
0,4.75,8.11,6.23,8.49,8.01,7.26,6.54,8.58,3.69,7.63,6.5
4.76,4.75,8.16,6.27,8.67,7.97,6.53,6.53,8.49,3.16,7.23,6.5
0,8,8.32,6.27,8.71,8.05,6.48,6.63,8.74,4.49,8.27,6.5
4.76,8,8.49,6.19,8.58,8.07,6.53,6.62,8.52,5.07,8.68,6.25
0,8,8.51,6.27,8.49,8.11,6.72,6.65,8.4,5.58,8.7,6.25
4.7,8,8.54,6.23,8.63,8.13,6.74,6.65,8.64,5.38,8.18,6.25
0,8,8.47,6.19,8.6,8.21,6.85,6.73,8.74,5.56,8.67,6.25
4.71,8,8.6,5.94,8.14,8.06,6.77,6.59,9.01,5.83,8.98,6.25
0,8,8.52,5.94,8.78,8.14,6.54,6.6,8.69,5.84,8.91,6.25
4.64,8,8.58,5.86,7.97,8.1,6.92,6.67,8.59,6.21,9.08,6.25
0,8,8.55,5.94,8.15,8.22,6.69,6.6,9.14,6.03,9.44,6.25
4.83,8,8.71,6.31,8.03,8.22,6.69,6.63,9.13,6.22,9.46,6.25
0,8,8.55,6.4,7.87,8.37,6.81,6.72,8.8,6.13,10.29,6.25
4.7,8,8.57,6.36,7.53,8.37,7.75,7.05,8.53,6.28,10.38,6.25
0,8,8.76,6.4,7.47,8.36,7.46,6.85,8.86,6.24,10.1,6.25
4.89,8,8.79,6.36,7.44,8.47,7.15,7.27,9.07,6.28,10.23,6.25
0,8,8.76,6.36,7.43,8.87,7.12,7.12,8.89,6.34,10.21,6.25
4.95,8,8.68,6.52,7.31,4.51,7.32,7.2,9.45,6.29,10.18,6.25
0,8,8.65,6.52,7.43,4.4,7.37,7.31,9.93,6.24,9.3,6.25
4.84,8,8.54,6.52,7.44,4.62,7.38,7.32,9.22,6.23,9.45,6.25
0,8,8.48,6.56,7.34,4.44,7.29,7.26,9.91,6.26,8.33,6.25
4.76,8,7.95,6.56,7.4,4.52,7.36,7.3,9.19,6.34,7.74,6.25
0,8,8.39,6.56,7.59,4.54,7.15,7.33,9.16,6.38,7.09,6.25
4.81,8,7.94,6.56,7.74,4.37,7.31,7.31,9.18,6.32,6.95,6.25
0,8,8.38,6.56,7.74,4.18,7.23,7.32,9.9,6.58,7.19,6.25
4.75,8,8.41,6.56,7.78,4.74,7.34,7.28,9.36,6.47,7.26,6.25
0,8,8.5,6.56,7.87,4.36,7.74,7.55,9.34,6.34,7.25,6.25
4.69,8,8.42,6.56,7.93,4.46,7.93,7.61,9.81,6.44,7.29,6.25
0,8,8.79,6.56,7.95,4.07,7.96,7.62,8.03,6.44,7.22,6.25
4.68,8,8.85,6.6,7.96,4.15,8.49,7.61,6.54,6.71,7.27,6.25
0,8,9.23,6.73,7.87,4.09,7.67,7.51,6.17,6.7,7.27,6.25
4.76,8,9.71,6.77,7.86,4.11,7.99,7.83,6.23,6.8,7.3,6.25
0,8,9.09,6.77,7.91,4.13,7.89,7.82,6.4,6.98,7.56,6.25
4.7,7.75,8.94,6.81,7.8,4.06,7.86,7.86,6.17,6.89,7.57,6.25
0,7.75,8.86,6.85,7.83,4.28,9.78,8.5,6.34,6.5,7.52,6.25
4.72,7.75,8.67,6.27,7.83,4.13,9.03,8.19,6.58,6.63,7.59,6.25
0,7.75,8.58,6.85,7.89,4.22,8.9,8.17,6.62,7.69,7.43,6.25
4.88,7.75,8.49,6.85,7.88,4.18,8.49,8.1,6.85,7.57,8.65,6.25
0,7.75,8.74,6.85,7.86,4.23,9.32,8.29,6.89,7.87,7.65,6.25
4.82,7.75,8.52,6.81,7.82,4.34,7.23,7.9,7.12,7.49,7.8,6.25
0,7.75,8.4,6.81,7.93,4.61,7.34,7.79,7.22,7.36,7.72,6.25
4.95,7.75,8.64,6.81,8.11,5.71,7.09,7.81,7.33,6.83,7.84,6.25
0,7.75,8.74,6.85,8.14,5.36,7.09,7.84,7.53,6.58,7.85,6.25
5.16,7.75,9.01,7.27,8.14,5.07,7.61,7.74,7.87,6.56,7.8,6.25
0,7.75,8.69,7.23,8.16,4.69,7.95,7.63,7.57,6.36,7.75,6.25
5.02,7.75,8.59,7.27,8.18,4.26,8.08,7.76,7.95,6.44,7.88,6.25
0,7.5,9.14,7.27,8.23,4.32,7.96,7.58,7.9,6.58,8,6.25
4.87,7.5,9.13,7.27,8.19,4.47,7.92,7.23,7.79,6.27,8.02,6.5
0,7.5,8.8,0,8.22,4.4,8.09,7.33,7.89,6.17,8,6.5
5.12,7.5,8.53,7.35,8.2,4.16,8.07,7.3,7.94,6.22,8.11,6.5
0,7.5,8.86,7.35,8.13,4.33,8.15,7.57,7.56,6.23,8.07,6.5
4.95,7.5,9.07,7.35,8.13,6.5,7.84,7.49,7.69,6.17,8.06,6.5
0,7.25,8.89,0,8.17,6.5,8.15,7.95,7.58,6.16,7.97,6.5
4.8,7.25,9.45,7.31,8.16,6.48,7.79,7.92,7.43,6.32,8.03,6.5
0,7.25,9.93,7.23,8.15,6.48,7.41,7.61,7.34,6.54,8.03,6.5
5.07,7.25,9.22,7.23,8.17,6.5,7.62,7.88,7.04,6.53,8.05,6.5
0,7.25,9.91,7.23,8.18,6.5,8.03,8.03,6.78,6.63,8.05,6.5
5.19,7.25,9.19,7.23,8.2,6.46,8.18,7.98,6.78,6.62,8.03,6.5
0,7.25,9.16,7.23,8.24,6.44,8.24,8.11,6.68,6.65,8.02,6.5
5.11,7.25,9.18,7.19,8.16,6.39,8.94,8.16,6.77,6.65,8.07,6.5
0,7.25,9.9,7.14,8.21,6.35,8.38,8.32,6.64,6.73,8.04,6.5
5.09,7.25,9.36,7.14,8.12,6.33,9.47,8.49,6.42,6.59,8.04,6.5
0,7.25,9.34,7.14,8.25,6.33,8.38,8.51,6.18,6.6,7.81,6.5
5.04,7.25,9.81,7.14,8.1,6.31,8.44,8.54,6.26,6.67,8.02,6.5
0,7.25,8.03,7.1,8.06,6.27,9.82,8.47,6.55,6.6,8.02,4.53
4.92,7.25,6.54,7.1,8.13,6.25,8.74,8.6,6.86,6.63,7.97,4.56
0,7.25,6.17,7.1,8.17,6.2,9.14,8.52,6.56,6.72,7.65,4.55
5.26,7.25,6.23,7.06,8.08,6.18,8.77,8.58,6.33,7.05,7.97,4.65
0,7.25,6.4,7.06,8.05,6.18,8.87,8.55,6.76,6.85,7.93,4.61
5.24,7.25,6.17,7.06,8.35,6.18,8.18,8.71,7.21,7.27,8.02,4.73
0,7.25,6.34,7.39,8.37,6.18,8.75,8.55,7.02,7.12,8,4.84
4.81,7.25,6.58,7.48,8.54,6.18,9.87,8.57,6.46,7.2,8.01,4.67
0,7.5,6.62,7.44,8.53,6.18,8.73,8.76,6.72,7.31,7.97,4.76
5.22,7.5,6.85,7.44,8.56,6.18,8.69,8.79,7.13,7.32,8.05,4.77
0,7.5,6.89,7.44,8.63,8.11,8.56,8.76,7.32,7.26,8.07,4.83
4.82,7.5,7.12,7.44,8.65,8.18,8.57,8.68,7.44,7.3,8.11,4.79
0,7.5,7.22,7.27,8.54,8,8.41,8.65,7.47,7.33,8.13,4.81
5.11,7.5,7.33,7.44,8.47,7.9,8.13,8.54,7.37,7.31,8.21,4.83
0,7.75,7.53,7.48,8.69,7.78,8.62,8.48,7.2,7.32,8.06,4.99
4.23,7.75,7.87,7.48,8.57,7.87,8.26,7.95,7.15,7.28,8.14,5.07
0,7.75,7.57,7.52,8.38,8.26,8.39,8.39,7.25,7.55,8.1,5.1
4.78,7.75,7.95,7.52,8.42,8.04,8.27,7.94,7.11,7.61,8.22,5.23
0,7.75,7.9,7.56,8.28,8.58,8.34,8.38,7.29,7.62,8.22,5.27
4.75,7.75,7.79,7.69,8.22,8.46,8.35,8.41,7.17,7.61,8.37,5.29
0,7.75,7.89,7.69,8.23,8.07,8.56,8.5,6.95,7.51,8.37,5.34
5.23,8,7.94,7.69,8.19,8.12,8.55,8.42,6.6,7.83,8.36,4.97
0,8,7.56,7.69,8.19,8.48,9.78,8.79,6.65,7.82,8.47,5.01
4.94,8,7.69,7.85,8.16,8.59,10.03,8.85,6.8,7.86,8.87,5.13
0,8,7.58,7.89,8.35,8.88,11.12,9.23,7.11,8.5,4.51,4.92
5.46,8,7.43,7.98,8.18,8.18,10.63,9.71,7.03,8.19,4.4,5.15
0,8,7.34,7.98,8.19,7.88,9.47,9.09,7.08,8.17,4.62,5.15
5.17,8,7.04,7.94,8.22,7.93,8.3,8.94,7.37,8.1,4.44,5.07
0,8,6.78,7.89,8.56,8.09,8.29,8.86,7.82,8.29,4.52,5.32
5.28,8,6.78,7.85,7.27,8.9,8.09,8.67,7.69,7.9,4.54,4.99
0,8,6.68,7.85,7.45,7.95,8.07,8.58,7.7,7.79,4.37,4.84
5.72,8,6.77,8.27,7.41,8.11,8.59,8.49,7.76,7.81,4.18,4.93
0,8,6.64,8.31,7.26,8.11,8.8,8.74,7.66,7.84,4.74,4.87
5.1,8,6.42,8.31,7.41,8.57,9.3,8.52,8.72,7.74,4.36,4.59
0,8,6.18,8.23,7.41,8.25,8.46,8.4,8.59,7.63,4.46,4.15
5.41,8,6.26,8.39,7.64,8.19,9.28,8.64,8.72,7.76,4.07,4.27
0,8,6.55,8.35,7.77,8.72,9.25,8.74,8.51,6.94,4.15,4.25
5.27,8,6.86,8.27,7.85,8.64,9.08,9.01,8.44,6.94,4.09,4.07
0,8,6.56,8.27,7.81,7.63,8.95,8.69,8.21,6.94,4.11,3.69
5.82,8,6.33,8.23,7.84,7.23,9.04,8.59,8.14,7.14,4.13,3.16
0,8,6.76,8.19,7.84,8.27,9.14,9.14,7.92,7.19,4.06,4.49
4.8,8,7.21,8.39,7.88,8.68,8.94,9.13,8.78,7.06,4.28,5.07
0,8,7.02,8.39,7.96,8.7,8.61,8.8,8.66,6.98,4.13,5.58
5.71,8,6.46,8.31,8.02,8.18,8.53,8.53,7.62,6.85,4.22,5.38
0,8,6.72,8.35,8,8.67,9.15,8.86,6.67,6.81,4.18,5.56
5.63,8,7.13,8.35,8.03,8.98,9.5,9.07,6.76,6.81,4.23,5.83
0,8,7.32,8.23,8.07,8.91,9.42,8.89,7.36,6.77,4.34,5.84
5.68,8,7.44,8.23,7.98,9.08,10.36,9.45,6.85,6.69,4.61,6.21
0,8,7.47,8.27,7.95,9.44,10.97,9.93,5.97,6.73,5.71,6.03
5.76,8,7.37,8.27,7.86,9.46,9.93,9.22,5.3,6.69,5.36,6.22
0,8,7.2,8.31,7.85,10.29,10.44,9.91,4.56,6.52,5.07,6.13
5.79,8,7.15,8.31,7.74,10.38,10.01,9.19,4.67,6.52,4.69,6.28
0,8,7.25,8.44,7.73,10.1,3.97,8.14,5.41,6.48,4.26,6.24
5.75,8,7.11,8.44,7.75,10.23,4.06,8.27,8.25,6.52,4.32,6.28
0,8,7.29,8.48,7.78,10.21,4.21,8.39,8.25,6.48,4.47,6.34
5.88,8,7.17,8.48,7.8,10.18,4.15,8.39,8.25,6.52,4.4,6.29
0,8,6.95,8.52,7.87,9.3,4.3,8.39,8.25,6.52,4.16,6.24
5.78,8,6.6,8.52,7.98,9.45,4.19,8.44,8.25,6.4,4.33,6.23
0,8,6.65,8.6,7.92,8.33,3.99,8.44,8.25,6.4,4.34,6.26
5.52,8,6.8,8.6,7.89,7.74,4.13,8.39,8,6.31,4.17,6.34
0,8,7.11,8.6,7.95,7.09,4.52,8.31,8,6.27,4.32,6.38
5.7,8,7.03,8.6,7.94,6.95,4.6,8.77,8,6.23,3.84,6.32
0,8.5,7.08,8.65,7.95,7.19,4.65,8.81,8,6.19,3.84,6.58
5.4,8.5,7.37,8.65,7.89,7.26,4.5,9.02,8,6.11,3.72,6.47
0,8.5,7.82,8.65,7.79,7.25,4.47,8.98,8,6.11,4.28,6.34
5.9,8.5,7.69,8.65,7.76,7.29,4.5,8.98,8,6.11,4.26,6.44
0,8.5,7.7,8.6,7.8,7.22,4.46,9.06,7.5,6.11,4.44,6.44
5.3,8.5,7.76,8.6,7.73,7.27,4.47,9.06,7.5,6.15,4.43,6.71
0,8.5,7.66,8.56,7.46,7.27,4.31,9.02,7.5,6.23,4.46,6.7
6.08,8.5,8.72,8.52,7.2,7.3,4.46,8.94,7.5,6.31,4.52,6.8
0,8.5,8.59,8.56,7.42,7.56,4.39,8.9,7.5,6.36,4.61,6.98
5.9,8.5,8.72,8.56,7.59,7.57,4.52,8.81,7.5,5.15,7.57,6.89
0,8.5,8.51,8.56,7.58,7.52,4.39,8.73,7.25,5.15,7.67,6.5
5.99,8.5,8.44,8.52,7.69,7.59,4.53,8.65,7.25,5.07,7.4,6.63
0,8.5,8.21,8.65,7.76,7.43,4.55,8.56,7.25,5.32,7.36,7.69
6.2,8.5,8.14,8.65,7.64,8.65,4.52,8.52,7.25,4.99,7.3,7.57
0,8.5,7.92,8.86,7.56,7.65,4.36,8.48,7.25,4.84,7.4,7.87
7.02,8.5,8.78,8.81,7.54,7.8,4.36,8.39,7.25,4.93,7.35,7.49
0,8.5,8.66,8.86,7.54,7.72,4.33,8.48,6.75,4.87,7.39,7.36
6.78,8.5,7.62,8.86,7.27,7.84,4.35,8.6,6.75,4.59,6.75,6.83
0,8.5,6.67,8.85,7.26,7.85,4.19,8.81,6.75,4.15,6.87,6.58
6.66,8.5,6.76,8.9,7.26,7.8,4.13,8.86,6.75,4.27,6.4,6.56
0,8.5,7.36,8.94,7.08,7.75,4.24,8.9,6.75,4.25,6.77,6.36
6.82,8.5,6.85,8.86,7.49,7.88,4.26,8.86,8.05,4.07,6.22,6.44
0,8.5,5.97,9.19,7.45,8,4.35,7.13,8.35,3.69,7.6,6.58
6.73,8.5,5.3,9.27,7.29,8.02,4.48,7.32,8.37,3.16,7.81,6.27
0,8.5,4.56,9.19,7.27,8,4.46,7.44,8.54,4.49,7.84,6.17
7.02,8.25,4.67,9.15,7.25,8.11,4.44,7.47,8.53,5.07,7.74,6.22
4.9,8.25,5.41,9.11,7.21,8.07,4.55,7.37,8.56,5.58,7.63,6.23
4.9,8.25,3.95,9.11,7.22,8.06,4.6,7.2,8.63,5.38,7.76,6.17
4.9,8.25,3.76,8.98,7.12,7.97,4.7,7.15,8.65,5.56,7.58,6.16
4.9,8.25,3.76,8.9,7.12,8.03,4.76,7.25,8.54,5.83,7.23,6.32
4.9,8.25,3.93,8.69,7,8.03,4.6,7.11,8.47,5.84,7.33,6.54
4.9,8,3.93,8.73,6.95,8.05,4.7,7.29,8.69,6.21,7.3,6.53
4.9,8,4.13,8.73,6.91,8.05,4.65,7.17,8.57,6.03,7.57,6.63
4.9,8,3.99,8.73,6.92,8.03,4.71,6.95,8.38,6.22,7.49,6.62
4.9,4.94,4.05,8.69,6.83,8.02,4.64,6.6,8.42,6.13,7.95,6.65
4.9,5.03,4.08,8.65,6.79,8.07,4.72,6.65,8.28,6.28,7.92,6.65
4.9,5.01,4.18,8.77,6.72,8.04,4.71,6.8,8.22,6.24,7.61,6.73
4.9,5,4.23,8.65,6.67,8.04,4.89,7.11,8.23,6.28,7.88,6.59
4.9,4.89,4.38,8.94,6.61,7.81,4.98,7.03,8.19,6.34,8.03,6.6
4.9,4.99,4.48,8.94,6.65,8.02,5.04,7.08,8.19,6.29,7.98,6.67
4.9,5.02,4.28,8.98,6.62,8.02,5.15,7.37,8.16,6.24,8.11,6.6
5.15,5.05,4.24,8.56,6.6,7.97,5.2,7.82,8.35,6.23,8.16,6.63
5.15,5.03,4.22,8.6,6.53,7.65,5.22,7.69,8.18,6.26,8.32,6.72
5.15,5.04,3.96,8.77,6.56,7.97,5.25,7.7,8.19,6.34,8.49,7.05
5.15,5.08,3.94,8.9,6.51,7.93,4.9,7.76,8.22,6.38,8.51,6.85
5.15,5.12,4.18,8.86,6.54,8.02,4.87,7.66,8.56,6.32,8.54,7.27
5.15,5.2,4.31,9.57,6.59,8,4.94,8.72,8.53,6.58,8.47,7.12
5.15,5.32,4.33,9.69,6.57,8.01,4.8,8.59,8.65,6.47,8.6,7.2
5.15,5.41,4.43,10.45,6.64,7.97,5,8.72,8.52,6.34,8.52,7.31
5.5,5.28,4.71,10.66,6.53,8.05,5,8.51,8.4,6.44,8.58,7.32
5.5,5.32,4.7,11.26,6.53,8.07,4.91,8.44,8.77,6.44,8.55,7.26
5.5,5.37,4.62,12.02,6.65,8.11,4.96,8.21,8.78,6.71,8.71,7.3
5.5,5.41,4.38,11.05,7.49,8.13,4.63,8.14,8.67,6.7,8.55,7.33
5.5,5.45,4.13,11.43,6.72,8.21,4.68,7.92,8.72,6.8,8.57,7.31
5.5,5.49,3.93,10.92,6.74,8.06,4.64,8.78,8.7,6.98,8.76,7.32
5.5,5.45,4.17,11.26,7.51,8.14,4.66,8.66,8.59,6.89,8.79,7.28
5.5,5.65,4.39,11,7.2,8.1,4.62,7.62,8.52,6.5,8.76,7.55
5.5,5.74,4.26,7.48,7.18,8.22,4.44,6.67,8.64,6.63,8.68,7.61
5.75,5.74,4.45,7.52,7.11,8.22,4.54,6.76,8.68,7.69,8.65,7.62
5.75,5.86,4.28,7.48,7.17,8.37,4.43,7.36,8.86,7.57,8.54,7.61
5.75,5.98,4.28,7.44,7,8.37,4.25,6.85,8.77,7.87,8.48,7.51
5.75,6.03,4.53,7.48,7.13,8.36,3.93,5.97,8.81,7.49,7.95,7.83
5.75,5.98,4.16,7.35,7.17,8.47,3.67,5.3,8.94,7.36,8.39,7.82
5.75,5.94,4.16,7.31,7.23,8.87,4.48,4.56,8.9,6.83,7.94,7.86
5.75,6.07,3.87,7.27,7.06,4.51,5,4.67,8.99,6.58,8.38,8.5
5.75,6.19,3.84,7.31,7.12,4.4,5.53,5.41,9.12,6.56,8.41,8.19
5.75,6.36,4.21,7.48,7.05,4.62,5.35,3.95,8.84,6.36,8.5,8.17
6,6.4,4.26,7.56,7,4.44,5.44,3.76,8.82,6.44,8.42,8.1
6,6.48,4.16,7.64,6.75,4.52,5.64,3.76,8.82,6.58,8.79,8.29
6,6.44,4.18,7.73,6.87,4.54,5.57,3.93,8.87,6.27,8.85,7.9
6,6.4,4.07,7.81,6.86,4.37,5.85,3.93,8.86,6.17,9.23,7.79
6,6.31,4.08,7.85,6.78,4.18,5.64,4.13,8.81,6.22,9.71,7.81
6,6.27,4.11,8.19,6.66,4.74,5.86,3.99,8.83,6.23,9.09,7.84
6,6.23,4.13,8.02,6.63,4.36,5.76,4.05,8.75,6.17,8.94,7.74
6,6.31,4.06,8.1,6.63,4.46,5.85,4.08,8.81,6.16,8.86,7.63
6.25,6.31,4.09,8.1,6.59,4.07,5.85,4.18,8.78,6.32,8.67,7.76
6.25,6.36,4.09,8.1,6.49,4.15,6.05,4.23,8.66,6.54,8.58,6.94
6.25,6.4,4.11,8.02,6.29,4.09,6.2,4.38,8.75,6.53,8.49,6.94
6.25,6.4,4.04,7.98,6.28,4.11,6.05,4.48,8.82,6.63,8.74,6.94
6.25,6.4,4.11,7.98,6.51,4.13,6.03,4.28,8.94,6.62,8.52,7.14
6.25,6.4,4.13,7.94,6.78,4.06,6.08,4.24,8.8,6.65,8.4,7.19
6.25,6.56,4.13,7.98,6.88,4.28,6.1,4.22,8.91,6.65,8.64,7.06
6.25,6.56,4.12,7.98,6.83,4.13,6.09,3.96,8.85,6.73,8.74,6.98
6.25,6.6,4.07,8.06,6.79,4.22,6.21,3.94,8.75,6.59,9.01,6.85
6.25,6.65,4.18,8.1,6.78,4.18,6.12,4.18,8.79,6.6,8.69,6.81
6.25,6.65,4.33,8.19,6.73,4.23,6.4,4.31,9.06,6.67,8.59,6.81
6.25,6.65,4.36,8.14,6.81,4.34,6.29,4.33,9.02,6.6,9.14,6.77
6.25,6.65,4.39,8.19,6.82,4.61,6.19,4.43,8.69,6.63,9.13,6.69
6.25,6.6,4.4,8.19,6.88,5.71,6.32,4.71,8.58,6.72,8.8,6.73
6.25,6.69,4.36,8.19,6.84,5.36,6.42,4.7,8.55,7.05,8.53,6.69
6.25,6.73,4.45,8.19,6.97,5.07,6.61,4.62,8.49,6.85,8.86,6.52
6.25,6.77,4.48,8.19,7.13,4.69,6.58,4.38,8.67,7.27,9.07,6.52
6.25,6.81,4.27,8.14,7.13,4.26,6.57,4.13,8.71,7.12,8.89,6.48
6.25,6.9,4.22,8.14,7.11,4.32,6.72,3.93,8.58,7.2,9.45,6.52
6.25,6.94,4.38,8.1,7.2,4.47,6.74,4.17,8.49,7.31,9.93,6.48
6.25,6.94,4.27,8.1,7.27,4.4,6.44,4.39,8.63,7.32,9.22,6.52
6.25,6.94,4.35,8.1,7.28,4.16,6.57,4.26,8.6,7.26,9.91,6.52
6.25,6.94,4.42,8.06,7.31,4.33,7.13,4.45,8.14,7.3,9.19,6.4
6.25,6.94,4.4,8.14,7.47,4.34,7.1,4.28,8.78,7.33,9.16,6.4
6.25,7.14,4.3,8.1,7.43,4.17,7.39,4.28,7.97,7.31,9.18,6.31
6.25,7.19,4.36,8.14,7.55,4.32,7.06,4.53,8.15,7.32,9.9,6.27
6.25,7.06,4.38,8.14,7.49,3.84,6.86,4.16,8.03,7.28,9.36,6.23
6,6.98,4.39,8.23,7.48,3.84,6.63,4.16,7.87,7.55,9.34,6.19
6,6.85,4.31,8.23,7.49,3.72,6.4,3.87,7.53,7.61,9.81,6.11
6,6.81,4.3,8.27,6.67,4.28,6.37,3.84,7.47,7.62,8.03,6.11
6,6.81,4.27,8.23,7.49,4.26,6.22,4.21,7.44,7.61,6.54,6.11
6,6.77,4.15,8.23,7.46,4.44,6.32,4.26,7.43,7.51,6.17,6.11
6,6.69,4.04,8.14,7.5,4.43,6.38,4.16,7.31,7.83,6.23,6.15
6,6.73,4.05,8.19,7.44,4.46,6.31,4.18,7.43,7.82,6.4,6.23
6,6.69,4.08,8.23,7.45,4.52,6.33,4.07,7.44,7.86,6.17,6.31
5.75,6.52,3.95,8.27,7.42,4.61,6.47,4.08,7.34,8.5,6.34,6.36
5.75,6.52,3.97,8.31,7.45,4.62,6.41,4.11,7.4,8.19,6.58,6.36
5.75,6.48,4.12,8.31,7.42,4.78,6.33,4.13,7.59,8.17,6.62,6.36
5.75,6.52,3.97,8.14,7.52,4.96,6.31,4.06,7.74,8.1,6.85,6.4
5.75,6.48,4.06,8.27,7.55,4.43,6.46,4.09,7.74,8.29,6.89,6.4
5.75,6.52,4.21,8.39,7.64,4.87,6.54,4.09,7.78,7.9,7.12,6.4
5.75,6.52,4.15,8.39,7.63,4.23,6.53,4.11,7.87,7.79,7.22,6.36
5.75,6.4,4.3,8.39,7.77,4.31,6.6,4.04,7.93,7.81,7.33,6.31
5.75,6.4,4.19,8.44,7.73,4.68,6.62,4.11,7.95,7.84,7.53,6.27
5.75,6.31,3.99,8.44,7.7,4.68,6.71,4.13,7.96,7.74,7.87,6.19
5.75,6.27,4.13,8.39,7.68,4.96,6.66,4.13,7.87,7.63,7.57,6.19
5.75,6.23,4.52,8.31,7.64,4.71,6.7,4.12,7.86,7.76,7.95,6.15
5.75,6.19,4.6,8.77,7.64,4.68,6.44,4.07,7.91,7.58,7.9,6.15
5.75,6.11,4.65,8.81,7.66,5.22,6.54,4.18,7.8,7.23,7.79,6.15
5.75,6.11,4.5,9.02,7.59,4.84,6.58,4.33,7.83,7.33,7.89,6.11
5.75,6.11,4.47,8.98,7.81,4.82,6.45,4.36,7.83,7.3,7.94,6.11
5.75,6.11,4.5,8.98,7.82,5.19,6.54,4.39,7.89,7.57,7.56,6.11
5.75,6.15,4.46,9.06,7.72,4.74,6.64,4.4,7.88,7.49,7.69,6.11
5.75,6.23,4.47,9.06,7.8,4.83,6.84,4.36,7.86,7.95,7.58,6.11
5.75,6.31,4.31,9.02,7.83,4.76,6.93,4.45,7.82,7.92,7.43,6.11
5.75,6.36,4.46,8.94,7.83,4.75,7.12,4.48,7.93,7.61,7.34,6.07
5.75,6.36,4.39,8.9,7.72,4.92,7.06,4.27,8.11,7.88,7.04,6.07
5.75,6.36,4.52,8.81,7.7,5.17,7.2,4.22,8.14,8.03,6.78,6.11
5.75,6.4,4.39,8.73,7.73,5.23,7.28,4.38,8.14,7.98,6.78,6.11
5.75,6.4,4.53,8.65,7.69,5.04,7.23,4.27,8.16,8.11,6.68,6.11
5.75,6.4,4.55,8.56,7.6,5.61,7.16,4.35,8.18,8.16,6.77,6.07
5.75,6.36,4.52,8.52,7.58,5.2,7.23,4.42,8.23,8.32,6.64,6.11
5.75,6.31,4.36,8.48,7.55,5.22,7.21,4.4,8.19,8.49,6.42,6.11
5.75,6.27,4.36,8.39,7.57,5.4,7.18,4.3,8.22,8.51,6.18,6.15
5.75,6.19,4.33,8.48,7.71,5.09,7.2,4.36,8.2,8.54,6.26,6.15
5.75,6.19,4.35,8.6,7.7,5.22,7.09,4.38,8.13,8.47,6.55,6.15
5.75,6.15,4.19,8.81,7.77,5.68,7.46,4.39,8.13,8.6,6.86,6.15
5.75,6.15,4.13,8.86,7.75,5.58,7.49,4.31,8.17,8.52,6.56,6.11
5.75,6.15,4.24,8.9,7.5,5.21,7.49,4.3,8.16,8.58,6.33,6.23
5.75,6.11,4.26,8.86,7.65,4.85,7.39,4.27,8.15,8.55,6.76,6.31
5.75,6.11,4.35,7.13,7.65,4.65,7.44,4.15,8.17,8.71,7.21,6.27
5.75,6.11,4.48,7.32,7.65,4.84,7.83,4.04,8.18,8.55,7.02,6.27
5.75,6.11,4.46,7.44,7.65,4.45,7.89,4.05,8.2,8.57,6.46,6.27
5.75,6.11,4.44,7.47,7.65,4.4,7.73,4.08,8.24,8.76,6.72,6.27
5.75,6.11,4.55,7.37,7.65,5.46,8.11,3.95,8.16,8.79,7.13,6.31
5.75,6.07,4.6,7.2,7.65,5.1,7.94,3.97,8.21,8.76,7.32,6.85
5.75,6.07,4.7,7.15,7.65,4.59,7.88,4.12,8.12,8.68,7.44,6.27
5.75,6.11,4.76,7.25,7.7,3.88,7.88,3.97,8.25,8.65,7.47,6.27
5.75,6.11,4.6,7.11,7.7,4.42,7.99,4.06,8.1,8.54,7.37,6.23
6,6.11,4.7,7.29,7.7,4.43,7.58,4.21,8.06,8.48,7.2,6.19
6,6.07,4.65,7.17,7.7,4.51,7.6,4.15,8.13,7.95,7.15,6.11
6,6.11,4.71,6.95,7.7,3.51,7.52,4.3,8.17,8.39,7.25,5.98
6,6.11,4.64,6.6,7.8,2.19,7.35,4.19,8.08,7.94,7.11,5.86
6,6.15,4.72,6.65,7.8,4.41,7.32,3.99,8.05,8.38,7.29,5.82
6,6.15,4.71,6.8,7.8,5.19,7.21,4.13,8.35,8.41,7.17,5.86
6,6.15,4.89,7.11,7.8,5.49,7.5,4.52,8.37,8.5,6.95,5.94
6,6.15,4.98,7.03,7.9,5.38,7.39,4.6,8.54,8.42,6.6,5.94
6,6.11,5.04,7.08,7.9,5.92,7.13,4.65,8.53,8.79,6.65,6.07
6,6.23,5.15,7.37,7.9,6.28,7.17,4.5,8.56,8.85,6.8,6.15
6,6.31,5.2,7.82,7.9,6.65,7.21,4.47,8.63,9.23,7.11,6.19
6,6.27,5.22,7.69,7.9,6.66,7.5,4.5,8.65,9.71,7.03,6.11
6,6.27,5.25,7.7,7.9,6.39,7.42,4.46,8.54,9.09,7.08,6.19
6,6.27,4.9,7.76,8,6.46,7.73,4.47,8.47,8.94,7.37,6.23
6,6.27,4.87,7.66,8,6.31,7.79,4.31,8.69,8.86,7.82,6.27
6,6.31,4.94,8.72,8,6.46,7.38,4.46,8.57,8.67,7.69,6.27
6,6.85,4.8,8.59,8,6.44,7.85,4.39,8.38,8.58,7.7,6.19
5.75,6.27,5,8.72,8.05,6.45,7.87,6.65,8.42,8.49,7.76,6.27
5.75,6.27,5,8.51,8.05,6.64,7.79,6.6,8.28,8.74,7.66,6.23
5.75,6.23,4.91,8.44,8.05,6.47,7.98,6.69,8.22,8.52,8.72,6.19
5.75,6.19,4.96,8.21,8.05,6.35,8.03,6.73,8.23,8.4,8.59,5.94
5.75,6.11,4.63,8.14,8.05,6.35,8.22,6.77,8.19,8.64,8.72,5.94
5.75,5.98,4.68,7.92,8.05,6.44,8.42,6.81,8.19,8.74,8.51,5.86
5.75,5.86,4.64,8.78,8.05,6.4,8.45,6.9,8.16,9.01,8.44,5.94
5.75,5.82,4.66,8.66,8.05,6.41,8.54,6.94,8.35,8.69,8.21,6.31
5.75,5.86,4.62,7.62,8.05,6.35,8.43,6.94,8.18,8.59,8.14,6.4
5.75,5.94,4.44,6.67,8.05,6.43,8.57,6.94,8.19,9.14,7.92,6.36
5.75,5.94,4.54,6.76,8.05,6.29,8.48,6.94,8.22,9.13,8.78,6.4
5.75,6.07,4.43,7.36,8.05,6.16,8.51,6.94,8.56,8.8,8.66,6.36
5.75,6.15,4.25,6.85,8.05,6.35,8.51,7.14,7.27,8.53,7.62,6.36
5.75,6.19,3.93,5.97,8.05,6.59,8.68,7.19,7.45,8.86,6.67,6.52
5.75,6.11,3.67,5.3,8.05,6.65,8.55,7.06,7.41,9.07,6.76,6.52
5.75,6.19,4.48,4.56,8.05,6.85,8.51,6.98,7.26,8.89,7.36,6.52
5.75,6.23,5,4.67,8.05,7.22,8.9,6.85,7.41,9.45,6.85,6.56
5.75,6.27,5.53,5.41,8.05,7.22,8.92,6.81,7.41,9.93,5.97,6.56
5.75,6.27,5.35,3.95,8.15,7.23,8.66,6.81,7.64,9.22,5.3,6.56
5.75,6.19,5.44,3.76,8.15,6.68,8.61,6.77,7.77,9.91,4.56,6.56
5.75,6.27,5.64,3.76,8.15,6.78,8.82,6.69,7.85,9.19,4.67,6.56
5.75,6.23,5.57,3.93,8.15,9.69,8.54,6.73,7.81,8.14,5.41,6.56
5.75,6.19,5.85,3.93,8.15,8.74,8.38,6.69,7.84,8.27,8.25,6.56
5.75,5.94,5.64,4.13,8.15,9.48,7.68,6.52,7.84,8.39,8.25,6.56
5.75,5.94,5.86,3.99,8.15,8.38,8.23,6.52,7.88,8.39,8.25,6.56
5.75,5.86,5.76,4.05,8.15,8.29,7.84,6.48,7.96,8.39,8.25,6.6
6,5.94,5.85,4.08,8.15,6.39,8.21,6.52,8.02,8.44,8.25,6.73
6,6.31,5.85,4.18,8.15,6.14,8.35,6.48,8,8.44,8.25,6.77
6,6.4,6.05,4.23,8.15,6.12,8.43,6.52,8.03,8.39,8,6.77
6,6.36,6.2,4.38,8.15,6.01,8.49,6.52,8.07,8.31,8,6.81
6,6.4,6.05,4.48,8.15,6.73,8.95,6.4,7.98,8.77,8,6.85
6,6.36,6.03,4.28,8.15,7.12,8.49,6.4,7.95,8.52,5.07,6.27
6,6.36,6.08,4.24,8.15,6.3,8.65,6.31,7.86,8.4,5.58,6.85
6,6.52,6.1,4.22,8.05,6.17,8.85,6.27,7.85,8.64,5.38,6.85
6,6.52,6.09,3.96,8.05,6.34,8.64,6.23,7.74,8.74,5.56,6.85
6,6.52,6.21,3.94,8.05,6.32,8.4,6.19,7.73,9.01,5.83,6.81
6,6.56,6.12,4.18,8.05,6.47,8.54,6.11,7.75,8.69,5.84,6.81
6,6.56,6.4,4.31,8.05,6.28,8.31,6.11,7.78,8.59,6.21,6.81
6,6.56,6.29,4.33,8,7.1,8.26,6.11,7.8,9.14,6.03,6.85
6,6.56,6.19,4.43,7.9,7.26,8.14,6.11,7.87,9.13,6.22,7.27
6,6.56,6.32,4.71,7.9,6.53,8.25,6.15,7.98,8.8,6.13,7.23
6,6.56,6.42,4.7,7.9,6.48,8.14,6.23,7.92,8.53,6.28,7.27
6,6.56,6.61,4.62,7.9,6.53,8.2,6.31,7.89,8.86,6.24,7.27
6,6.56,6.58,4.38,7.9,6.72,8.6,6.36,7.95,9.07,6.28,7.27
6,6.56,6.57,4.13,7.9,6.74,8.42,6.36,7.94,8.89,6.34,0
6,6.6,6.72,3.93,7.9,6.85,8.72,6.36,7.95,9.45,6.29,7.35
6,6.73,6.74,4.17,7.9,6.77,8.56,6.4,7.89,9.93,6.24,7.35
6,6.77,6.44,4.39,7.9,6.54,8.43,6.4,7.79,9.22,6.23,7.35
6,6.77,6.57,4.26,7.9,6.92,8.79,6.4,7.76,9.91,6.26,0
6,6.81,7.13,4.45,7.9,6.69,8.63,6.36,7.8,9.19,6.34,7.31
6,6.85,7.1,4.28,7.9,6.69,8.42,6.31,7.73,9.16,6.38,7.23
6,6.27,7.39,4.28,7.9,6.81,8.08,6.27,7.46,9.18,6.32,7.23
5.75,6.85,7.06,4.53,7.8,7.75,8.39,6.19,7.2,9.9,6.58,7.23
5.75,6.85,6.86,4.16,7.8,7.46,8.52,6.19,7.42,9.36,6.47,7.23
5.75,6.85,6.63,4.16,7.8,7.15,8.21,6.15,7.59,9.34,6.34,7.23
5.75,6.81,6.4,3.87,7.8,7.12,8.65,6.15,7.58,9.81,6.44,7.19
5.75,6.81,6.37,3.84,7.8,7.32,9.04,6.15,7.69,8.03,6.44,7.14
5.75,6.81,6.22,4.21,7.8,7.37,8.43,6.11,7.76,6.54,6.71,7.14
5.75,6.85,6.32,4.26,7.8,7.38,8.9,6.11,7.64,6.17,6.7,7.14
5.75,7.27,6.38,4.16,7.8,7.29,7.9,6.11,7.56,6.23,6.8,7.14
5.75,7.23,6.31,4.18,7.8,7.36,7.62,6.11,7.54,6.4,6.98,4.16
5.75,7.27,6.33,4.07,7.8,7.15,8.12,6.11,7.54,6.17,6.89,4.16
5.75,7.27,6.47,4.08,7.8,7.31,9.46,6.11,7.27,6.34,6.5,3.87
5.75,7.27,6.41,4.11,7.8,7.23,8.82,6.07,7.26,6.58,6.63,3.84
5.75,0,6.33,4.13,7.8,7.34,8.83,6.07,7.26,6.62,7.69,4.21
5.75,7.35,6.31,4.06,7.8,7.74,9.08,6.11,7.08,6.85,7.57,4.26
5.75,7.35,6.46,4.09,7.8,7.93,7.79,6.11,7.49,6.89,7.87,4.16
5.75,7.35,6.54,4.09,7.8,7.96,6.24,6.11,7.45,7.12,7.49,4.18
5.75,0,6.53,4.11,7.7,8.49,6,6.07,7.29,7.22,7.36,4.07
5.75,7.31,6.6,4.04,7.7,7.67,5.9,6.11,7.27,7.33,6.83,4.08
5.75,7.23,6.62,4.11,7.65,7.99,5.96,6.11,7.25,7.53,6.58,4.11
5.75,7.23,6.71,4.13,7.65,7.89,5.72,6.15,7.21,7.87,6.56,4.13
5.75,7.23,6.66,4.13,7.65,7.86,5.89,6.15,7.22,7.57,6.36,4.06
5.75,7.23,6.7,4.12,7.65,9.78,6.16,6.15,4.23,7.95,6.44,4.09
5.75,7.23,6.44,4.07,7.65,9.03,6.19,6.15,4.34,7.9,6.58,4.09
5.75,7.19,6.54,4.18,7.65,8.9,6.45,6.11,4.61,7.79,6.27,4.11
5.75,7.14,6.58,4.33,7.65,8.49,6.53,6.23,5.71,7.89,6.17,4.04
5.75,7.14,6.45,4.36,7.65,9.32,6.86,6.31,5.36,7.94,6.22,4.11
5.75,7.14,6.54,4.39,7.65,7.23,6.93,6.27,5.07,7.56,6.23,4.13
6.25,7.14,6.64,4.4,7.65,7.34,7,6.27,4.69,7.69,6.17,4.13
6.25,7.1,6.84,4.36,7.65,7.09,7.26,6.27,4.26,7.58,6.16,4.12
6.25,7.1,6.93,4.45,7.65,7.09,7.47,6.27,4.32,7.43,6.32,4.07
6.25,7.1,7.12,4.48,7.7,7.61,7.28,6.31,4.47,7.34,6.54,4.18
6.25,7.06,7.06,4.27,7.7,7.95,7.4,6.85,4.4,7.04,6.53,4.33
6.25,7.06,7.2,4.22,7.7,8.08,7.24,6.27,4.16,6.78,6.63,4.36
6.25,7.06,7.28,4.38,7.7,7.96,7.13,6.27,4.33,6.78,6.62,4.39
6.25,7.39,7.23,4.27,7.7,4.43,7.34,6.23,6.5,6.68,6.65,4.4
6.25,7.48,7.16,4.35,7.7,4.71,7.28,6.19,6.5,6.77,6.65,4.36
6.25,7.44,7.23,4.42,7.7,4.7,6,6.11,6.48,6.64,6.73,4.45
6.25,7.44,7.21,4.4,7.7,4.62,6,5.98,6.48,6.42,6.59,4.48
6.25,7.44,7.18,4.3,7.75,4.38,6,5.86,6.5,6.18,6.6,4.27
6.25,7.44,7.2,4.36,7.75,4.13,6,5.82,6.5,6.26,6.67,4.22
6.25,7.27,7.09,4.38,7.75,3.93,6,5.86,6.46,6.55,6.6,4.38
6.25,7.44,7.46,4.39,7.75,4.17,6,5.94,6.44,6.86,6.63,4.27
6.25,7.48,7.49,4.31,7.75,4.39,6,5.94,6.39,6.56,6.72,4.35
6.25,7.48,7.49,4.3,7.75,4.26,6,6.07,6.35,6.33,7.05,4.42
6.5,7.52,7.39,4.27,7.75,4.45,6,6.15,6.33,6.76,6.85,4.4
6.5,7.52,7.44,4.15,7.75,4.28,6,6.19,6.33,7.21,7.27,4.3
6.5,7.56,7.83,4.04,7.75,4.28,6,6.11,6.31,7.02,7.12,4.36
6.5,7.69,7.89,4.05,7.75,4.53,6,6.19,6.27,6.46,7.2,4.38
6.5,7.69,7.73,4.08,7.75,4.16,6,6.23,6.25,6.72,7.31,4.39
6.5,7.69,8.11,3.95,7.75,4.16,6,6.27,6.2,7.13,7.32,4.31
6.5,7.69,7.94,3.97,7.75,3.87,6,6.27,6.18,7.32,7.26,4.3
6.5,7.85,7.88,4.12,7.75,3.84,6,6.19,6.18,7.44,7.3,4.27
6.5,7.89,7.88,3.97,7.75,4.21,6,6.27,6.18,7.47,7.33,4.15
6.5,7.98,7.99,4.06,7.75,4.26,6,6.23,6.18,7.37,7.31,4.04
6.5,7.98,7.58,4.21,7.75,4.16,6,6.19,6.18,7.2,7.32,4.05
6.5,7.94,7.6,4.15,7.75,4.18,6,5.94,6.18,7.15,7.28,4.08
6.5,7.89,7.52,4.3,7.75,4.07,6,5.94,6.18,7.25,7.55,3.95
6.75,7.85,7.35,4.19,7.75,4.08,5.75,5.86,8.11,7.11,7.61,3.97
6.75,7.85,7.32,3.99,7.75,4.11,5.75,5.94,8.18,7.29,7.62,4.12
6.75,7.85,7.21,4.13,7.75,4.13,5.75,6.31,8,7.17,7.61,3.97
6.75,8.27,7.5,4.52,7.75,4.06,5.75,6.4,7.9,6.95,7.51,4.06
6.75,8.31,7.39,4.6,7.75,4.09,5.75,6.36,7.78,6.6,7.83,4.21
6.75,8.31,7.13,4.65,7.75,4.09,5.75,6.4,7.87,6.65,7.82,4.15
6.75,8.23,7.17,4.5,7.75,4.11,5.75,6.36,8.26,6.8,7.86,4.3
7,8.39,7.21,4.47,7.75,4.04,5.75,6.36,8.04,7.11,8.5,4.19
7,8.35,7.5,4.5,7.75,4.11,5.75,6.52,8.58,7.03,8.19,3.99
7,8.27,7.42,4.46,7.75,4.13,5.75,6.52,8.46,7.08,8.17,4.13
7,8.27,7.73,4.47,7.75,4.13,5.75,6.52,8.07,7.37,8.1,4.52
7,8.23,7.79,4.31,7.75,4.12,5.75,6.56,8.12,7.82,8.29,4.6
7,8.19,7.38,4.46,7.75,4.07,5.75,6.56,8.48,7.69,7.9,4.65
7,8.39,7.85,4.39,7.75,4.18,5.75,6.56,8.59,7.7,7.79,4.5
7,8.39,7.87,6.65,7.75,4.33,5.75,6.56,8.88,7.76,7.81,4.47
7,8.31,7.79,6.6,7.75,4.36,5.75,6.56,8.18,7.66,7.84,4.5
7,8.35,7.98,6.69,7.75,4.39,5.75,6.56,7.88,8.72,7.74,4.46
7,8.35,8.03,6.73,7.75,4.4,5.75,6.56,7.93,8.59,7.63,4.47
7,8.23,8.22,6.77,7.75,4.36,5.75,6.56,8.09,8.72,7.76,4.31
7,8.23,8.42,6.81,7.75,4.45,5.75,6.56,8.9,8.51,6.94,4.46
7,8.27,8.45,6.9,7.75,4.48,5.75,6.6,7.95,8.44,6.94,4.39
7,8.27,8.54,6.94,8.65,4.27,5.75,6.73,8.11,8.21,6.94,4.52
7,8.31,8.43,6.94,8.65,4.22,5.75,6.77,8.11,8.14,7.14,4.39
7,8.31,8.57,6.94,8.65,4.38,5.75,6.77,8.57,7.92,7.19,4.53
7,8.44,8.48,6.94,8.65,4.27,5.75,6.81,8.25,8.78,7.06,4.55
7,8.44,8.51,6.94,8.65,4.35,5.75,6.85,8.19,8.66,6.98,4.52
7,8.48,8.51,7.14,8.65,4.42,5.75,6.27,8.72,7.62,6.85,4.36
7,8.48,8.68,7.19,8.65,4.4,6.25,6.85,8.64,6.67,6.81,4.36
7,8.52,8.55,7.06,8.65,4.3,6.25,6.85,7.63,6.76,6.81,4.33
7,8.52,8.51,6.98,8.65,4.36,6.25,6.85,7.23,7.36,6.77,4.35
7,8.6,8.9,6.85,8.8,4.38,6.25,6.84,8.27,6.85,6.69,4.19
7,8.6,8.92,6.81,8.8,4.39,6.25,6.73,8.68,5.97,6.73,4.13
7,8.6,8.66,6.81,8.8,4.31,6.25,6.74,8.7,5.3,6.69,4.24
7,8.6,8.61,6.77,8.8,4.3,6.25,6.81,8.18,4.56,6.52,4.26
7,8.65,8.82,6.69,8.85,4.27,6.25,6.99,8.67,4.67,6.52,4.35
7,8.65,8.54,6.73,8.85,4.15,6.25,6.86,8.98,7.6,7.53,4.48
7,8.65,8.38,6.69,8.85,4.04,6.25,6.65,8.91,7.87,7.87,4.46
7,8.65,7.68,6.52,8.85,4.05,6.25,6.66,9.08,7.72,7.57,4.44
7,8.6,8.23,6.52,8.85,4.08,6.25,6.66,9.44,9.05,7.95,4.55
7,8.6,7.84,6.48,8.85,3.95,6.25,6.67,9.46,9.64,7.9,4.6
7,8.56,8.21,6.52,8.85,3.97,6.25,6.54,10.29,8.6,7.79,4.7
7,8.52,8.35,6.48,8.85,4.12,6.25,6.58,10.38,8.48,7.89,4.76
7,8.56,8.43,6.52,8.85,3.97,6.25,6.57,10.1,7.5,7.94,4.6
7,8.56,8.49,6.52,8.9,4.06,6.25,6.54,10.23,7.11,7.56,4.7
7,8.56,8.95,6.4,8.9,4.21,6.5,6.47,10.21,7.17,7.69,4.65
7,8.52,8.49,6.4,8.9,4.15,6.5,6.85,10.18,6.75,7.58,4.71
7,8.65,8.65,6.31,8.9,4.3,6.5,6.91,9.3,7.24,7.43,4.64
7,8.65,8.85,6.27,8.9,4.19,6.5,6.77,9.45,7.45,7.34,4.72
7,8.86,8.64,6.23,8.9,3.99,6.5,6.73,8.33,7.37,7.04,4.71
7,8.81,8.4,6.19,8.9,4.13,6.5,6.7,7.74,7,6.78,4.89
7,8.86,8.54,6.11,8.9,4.52,6.5,6.57,7.09,7.77,6.78,4.98
7,8.86,8.31,6.11,8.9,4.6,6.5,6.69,6.95,7.84,6.68,5.04
7,8.85,8.26,6.11,8.9,4.65,6.5,6.64,7.19,7.28,6.77,5.15
7,8.9,8.14,6.11,8.9,4.5,6.5,6.5,7.26,7.2,6.64,5.2
7,8.94,8.25,6.15,8.9,4.47,6.5,6.62,7.25,7.26,6.42,5.22
7,8.86,8.14,6.23,8.9,4.5,6.5,6.45,7.29,6.61,6.18,5.25
7,9.19,8.2,6.31,8.95,4.46,6.5,6.56,7.22,6.87,6.26,4.9
6.75,9.27,8.6,6.36,8.95,4.47,6.75,6.76,7.27,7.4,6.55,4.87
6.75,9.19,8.42,6.36,8.95,4.31,6.75,6.93,7.27,7.16,6.86,4.94
6.75,9.15,8.72,6.36,8.95,4.46,6.75,6.91,7.3,7.38,6.56,4.8
6.75,9.11,8.56,6.4,8.95,4.39,6.75,6.99,7.56,6.92,6.33,5
6.75,9.11,8.43,6.4,5.32,4.52,6.75,7.04,7.57,7.06,6.76,5
6.75,8.98,8.79,6.4,5.37,4.39,6.75,7.07,7.52,7.79,7.21,4.91
6.75,8.9,8.63,6.36,5.41,4.53,6.75,7.27,7.59,8.08,7.02,4.96
6.75,8.69,8.42,6.31,5.45,4.55,6.44,4.51,7.43,6.57,6.46,4.63
6.75,8.73,8.08,6.27,5.49,4.52,6.36,4.57,8.65,6.8,6.72,4.68
6.75,8.73,8.39,6.19,5.45,4.36,6.39,4.38,7.65,7.24,7.13,4.64
6.75,8.73,8.52,6.19,5.65,4.36,6.42,4.32,7.8,7.54,7.32,4.66
6.75,8.69,8.21,6.15,5.74,4.33,6.38,4.15,7.72,7.8,7.44,4.62
6.75,8.65,8.65,6.15,5.74,4.35,6.43,4.22,7.84,8.29,7.47,4.44
6.5,8.77,9.04,6.15,5.86,4.19,6.43,4.22,7.85,7.81,7.37,4.54
6.5,8.65,8.43,6.11,5.98,4.13,6.5,4.19,7.8,7.81,7.2,4.43
6.5,8.94,8.9,6.11,6.03,4.24,6.53,4.06,7.75,7.58,7.15,4.25
6.5,8.94,7.9,6.11,5.98,4.26,6.41,4.06,7.88,7.62,7.25,3.93
6.5,8.98,7.62,6.11,5.94,4.35,6.34,3.97,8,7.65,7.11,3.67
6.5,8.56,8.12,6.11,6.07,4.48,6.49,3.94,8.02,7.8,7.29,4.48
6.25,8.6,9.46,6.11,6.19,4.46,6.57,3.9,8,7.67,7.17,5
6.25,8.77,8.82,6.07,6.36,4.44,6.46,3.94,8.11,7.37,6.95,5.53
6.25,8.9,8.83,6.07,6.4,4.55,6.32,4.02,8.07,6.89,6.6,5.35
6.25,8.86,9.08,6.11,6.48,4.6,6.36,4.05,8.06,7.26,6.65,5.44
6.25,9.57,7.79,6.11,6.44,4.7,6.39,4.01,7.97,7.3,6.8,5.64
6.25,9.69,6.24,6.11,6.4,4.76,6.39,4.01,8.03,7.75,7.11,5.57
6.25,10.45,6,6.07,6.31,4.6,6.35,4.17,8.03,7.76,7.03,5.85
6.25,10.66,5.9,6.11,6.27,4.7,6.24,4.36,8.05,7.61,7.08,5.64
6.25,11.26,5.96,6.11,6.23,4.65,6.21,4.49,8.05,8.04,7.37,5.86
6.25,12.02,5.72,6.15,6.31,4.71,6.16,4.55,7.32,9,7.82,5.76
6.25,11.05,5.89,6.15,6.31,4.64,6.16,4.59,7.37,8.42,7.69,5.85
6.25,11.43,6.16,6.15,6.36,4.72,6.12,4.58,7.38,8.28,7.7,5.85
6.25,10.92,6.19,6.15,6.4,4.71,6.17,4.68,7.29,8.34,7.76,6.05
6.25,11.26,6.45,6.11,6.4,4.89,6.22,4.65,7.36,8.68,7.66,6.2
6.25,11,6.53,6.23,6.4,4.98,6.09,4.42,7.15,10.61,8.72,6.05
6.25,11,6.86,6.31,6.4,5.04,5.95,4.34,7.31,9.54,8.59,6.03
6.25,7.48,6.93,6.27,6.56,5.15,5.91,4.45,7.23,9.96,8.72,6.08
6.25,7.52,7,6.27,6.56,5.2,5.94,4.56,7.34,10.33,8.51,6.1
6.25,7.48,7.26,6.27,6.6,5.22,5.91,4.35,7.74,8.93,8.44,6.09
6.25,7.44,7.47,6.27,6.65,5.25,5.9,4.54,7.93,8.53,8.21,6.21
6.5,7.48,7.28,6.31,6.65,4.9,5.9,4.37,7.96,8.46,8.14,6.12
6.5,7.35,7.4,6.85,6.65,4.87,5.92,4.3,8.49,8.09,7.92,6.4
6.5,7.31,7.24,6.27,6.65,4.94,5.91,4.39,7.67,8.94,8.78,6.29
6.5,7.27,7.13,6.27,6.6,4.8,9.75,4.38,7.99,9.78,8.66,6.19
6.5,7.31,7.34,6.23,6.69,5,9.75,4.37,7.89,8.63,7.62,6.32
6.5,7.48,7.28,6.19,6.73,5,9.75,4.28,7.86,7.5,6.67,6.42
6.75,7.56,6,6.11,6.77,4.91,9.75,4.24,9.78,8.11,6.76,6.61
6.75,7.64,6,5.98,6.81,4.96,9.75,4.24,9.03,8.65,7.36,6.58
6.75,7.73,6,5.86,6.9,4.63,9.75,4.17,8.9,7.73,6.85,6.57
6.75,7.81,6,5.82,6.94,4.68,9.75,4.01,8.49,7.35,5.97,6.72
6.75,7.85,6,5.86,6.94,4.64,9.75,3.97,9.32,7.87,7.75,6.74
6.75,8.19,6,5.94,6.94,4.66,9.75,4.11,7.23,7.86,7.75,6.44
6.75,8.02,6,5.94,6.94,4.62,9.75,3.95,7.34,7.91,7.75,6.57
7,8.1,6,6.07,6.94,4.44,9.75,3.89,7.09,7.8,7.75,5.22
7,8.1,6,6.15,7.14,4.54,9.75,4.15,7.09,7.83,7.75,5.22
7,8.1,6,6.19,7.19,4.43,9.75,4.05,7.61,7.83,7.75,5.22
7,8.02,6,6.11,7.06,4.25,9.75,4.15,7.95,7.89,7.75,5.19
7,7.98,6,6.19,6.98,3.93,9.75,4.37,8.08,7.88,8,5.19
7,7.98,6,6.23,6.85,3.67,9.75,4.58,7.96,7.86,8,5.07
7,7.94,6,6.27,6.81,4.48,9.75,4.69,4.43,7.82,8,5.12
7,7.98,6,6.27,6.81,5,9.75,4.55,4.71,7.93,8,5.13
7,7.98,6,6.19,6.77,5.53,9.75,4.32,4.7,8.11,8,5.16
7,8.06,6,6.27,6.69,5.35,9.75,4.5,4.62,8.14,8,5.14
7,8.1,6,6.23,6.73,5.44,9.75,4.76,4.38,8.14,8,5.21
7,8.19,6,6.19,6.69,5.64,9.75,4.85,4.13,8.16,8,5.21
7,8.14,6,5.94,6.52,5.57,9.75,4.93,3.93,8.18,8,5.25
7,8.19,6,5.94,6.52,5.85,9.75,4.57,4.17,8.23,8,5.33
7,8.19,5.75,5.86,6.48,5.64,10,4.61,4.39,8.19,8,5.44
7,8.19,5.75,5.94,6.52,5.86,10,4.6,4.26,8.22,8,5.5
7,8.19,5.75,6.31,6.48,5.76,10,4.42,4.45,8.2,8,5.46
7,8.19,5.75,6.4,6.52,5.85,10,4.44,4.28,8.13,8,5.54
7,8.14,5.75,6.36,6.52,5.85,10,4,4.28,8.13,8,5.61
7,8.14,5.75,6.4,6.4,6.05,10,4.09,4.53,8.17,8,5.63
7,8.1,5.75,6.36,6.4,6.2,10,3.94,4.16,8.16,8,5.63
7,8.1,5.75,6.36,6.31,6.05,10,4.1,4.16,8.15,8,5.65
7,8.1,5.75,6.52,6.27,6.03,10,4.08,3.87,8.17,8,5.69
7,8.06,5.75,6.52,6.23,6.08,10,4.38,3.84,8.18,8,5.88
7,8.14,5.75,6.52,6.19,6.1,10,4.46,4.21,8.2,8,5.95
7,8.1,5.75,6.56,6.11,6.09,10,4.46,4.26,8.24,8,5.93
7,8.14,5.75,6.56,6.11,6.21,10,4.36,4.16,8.16,8,6.03
7,8.14,5.75,6.56,6.11,6.12,10,4.3,4.18,8.21,8,6.12
7,8.23,5.75,6.56,6.11,6.4,10,4.31,4.07,8.12,8,6.16
7,8.23,5.75,6.56,6.15,6.29,10,4.42,4.08,8.25,8,6.1
7,8.27,5.75,6.56,6.23,6.19,10,4.28,4.11,8.1,8,6.12
7,8.23,5.75,6.56,6.31,6.32,10,4.19,4.13,8.06,8,6.18
7,8.23,5.75,6.56,6.36,6.42,10,4.24,4.06,0,8,6.27
7,8.14,5.75,6.56,6.36,6.61,10,4.26,4.09,8.13,8,6.39
7,8.19,5.75,6.6,6.36,6.58,10,4.31,4.09,8.17,8,6.46
7,8.23,5.75,6.73,6.4,6.57,10,4.53,4.11,8.08,8,6.5
7,8.27,5.75,6.77,6.4,6.72,10,4.56,4.04,8.05,8,6.5
7,8.31,5.75,6.77,6.4,6.74,10,4.55,4.11,8.35,8,6.48
7,8.31,5.75,6.81,6.36,6.44,10,4.65,4.13,8.37,8,6.42
7,8.14,5.75,6.85,6.31,6.57,10,4.61,4.13,8.54,8,6.31
7,8.27,5.75,6.27,6.27,7.13,10,4.73,4.12,8.53,8,6.29
7.5,8.39,6.25,6.85,6.19,7.1,10,4.84,4.07,8.56,8,6.35
7.5,8.39,6.25,6.85,6.19,7.39,10,4.67,4.18,8.63,8,6.37
7.5,8.39,6.25,6.85,6.15,7.06,10,4.76,4.33,8.65,8,6.44
7.5,8.44,6.25,6.84,6.15,6.86,10,4.77,4.36,8.54,8,6.46
7.5,8.44,6.25,6.73,6.15,6.63,10,4.83,4.39,8.47,8.5,6.48
7.5,8.39,6.25,6.74,6.11,6.4,10,4.79,4.4,8.69,8.5,6.46
7.5,8.31,6.25,6.81,6.11,6.37,10,4.81,4.36,8.57,8.5,6.42
7.5,8.77,6.25,6.99,6.11,6.22,10,4.83,4.45,8.38,8.5,6.67
7.5,8.81,6.25,6.86,6.11,6.32,10,4.99,4.48,8.42,8.5,6.69
7.5,9.02,6.25,6.65,6.11,6.38,10,5.07,4.27,8.28,8.5,6.74
7.5,8.98,6.25,6.66,6.11,6.31,9.5,5.1,4.22,8.22,8.5,6.74
7.5,8.98,6.25,6.66,6.07,6.33,9.5,5.23,4.38,8.23,8.5,6.78
7.5,9.06,6.25,6.67,6.07,6.47,9.5,5.27,4.27,8.19,8.5,6.8
7.5,9.06,6.25,6.54,6.11,6.41,9.5,5.29,4.35,8.19,8.5,6.84
7.5,9.02,6.25,6.58,6.11,6.33,9.5,5.34,4.42,8.16,8.5,6.87
7.5,8.94,6.25,6.57,6.11,6.31,9.25,4.97,4.4,8.35,8.5,6.95
7.5,8.9,6.25,6.54,6.07,6.46,9.25,5.01,4.3,8.18,8.5,7.02
7.5,8.81,6.5,6.47,6.11,6.54,9.25,5.13,4.36,8.19,8.5,7.06
7.5,8.73,6.5,6.85,6.11,6.53,9.25,4.92,4.38,8.22,8.5,7.1
7.5,8.65,6.5,6.91,6.15,6.6,9.25,5.15,4.39,8.56,8.5,7.17
7.5,8.56,6.5,6.77,6.15,6.62,9.25,5.15,4.31,6.49,3.94,7.23
7.5,8.52,6.5,6.73,6.15,6.71,9.25,5.07,4.3,6.57,3.9,7.23
7.5,8.48,6.5,6.7,6.15,6.66,9.25,5.32,4.27,6.46,3.94,7.21
7.5,8.39,6.5,6.57,6.11,6.7,9.25,4.99,4.15,6.32,4.02,7.23
7.5,8.48,6.5,6.69,6.23,6.44,8.5,4.84,4.04,6.36,4.05,7.3
7.25,8.6,6.5,6.64,6.31,6.54,8.5,4.93,4.05,6.39,4.01,7.45
7.25,8.81,6.5,6.5,6.27,6.58,8.25,4.87,4.08,6.39,4.01,7.42
7.25,8.86,6.5,6.62,6.27,6.45,8.25,4.59,3.95,6.35,4.17,7.34
7.25,8.9,6.5,6.45,6.27,6.54,8.25,4.15,3.97,6.24,4.36,7.27
7.25,8.86,6.5,6.56,6.27,6.5,4,4.27,4.12,6.21,4.49,7.12
7.25,7,6.75,6.76,6.31,6.5,4,4.25,3.97,6.16,4.55,7.02
7,7,6.75,6.93,6.85,6.48,4,4.07,4.06,6.16,4.59,7.02
7,7,6.75,6.91,6.27,6.48,4,3.69,4.21,6.12,4.58,6.99
7,7,6.75,6.99,6.27,6.5,4,3.16,4.15,6.17,4.68,6.97
7,7,6.75,7.04,6.23,6.5,4,4.49,4.3,6.22,4.65,6.95
7,7,6.75,7.07,6.19,6.46,4,5.07,4.19,6.09,4.42,6.97
7,7,6.75,7.27,6.11,6.44,4,5.58,3.99,5.95,4.34,6.93
7,7,7,7.41,5.98,6.39,4,5.38,4.13,5.91,4.45,6.93
6.5,7.5,7,7.46,5.86,6.35,4,5.56,4.52,5.94,4.56,6.91
6.5,7.5,7,7.43,5.82,6.33,4,5.83,4.6,5.91,4.35,6.89
6.5,7.5,7,7.44,5.86,6.33,4,5.84,4.65,5.9,4.54,6.89
6.5,7.5,7,7.45,5.94,6.31,4,6.21,4.5,5.9,4.37,6.89
6.5,7.5,7,7.43,5.94,6.27,4,6.03,4.47,5.92,4.3,6.82
6.5,7.5,7,7.37,6.07,6.25,4,6.22,4.5,5.91,4.39,6.8
6.5,7.5,7,7.34,6.15,6.2,4,6.13,4.46,9.75,4.38,6.8
6.5,7.5,7,7.33,6.19,6.18,4,6.28,4.47,9.75,4.37,6.63
6.5,7.5,7,7.33,6.11,6.18,4,6.24,4.31,9.75,4.28,6.48
6.5,7.5,7,7.36,6.19,6.18,4,6.28,4.46,9.75,4.24,6.42
6.5,7.5,7,7.37,6.23,6.18,4,6.34,4.39,9.75,4.24,6.42
6.5,7.5,7,7.42,6.27,6.18,4,6.29,4.52,9.75,4.17,6.31
5.75,7.5,7,7.58,6.27,6.18,4,6.24,4.39,9.75,4.01,6.31
5.75,7.5,7,7.34,6.19,6.18,4,6.23,4.53,9.75,3.97,6.31
5.75,7.5,7,7.38,6.27,0,4,6.26,4.55,9.75,4.11,6.33
5.75,7.5,7,7.35,6.23,0,4,6.34,4.52,9.75,3.95,6.33
5.75,7.5,7,7.32,6.19,0,4,6.38,4.36,9.75,3.89,6.44
